id,en,vi
STR_MODE_ONE_STROKE,ONE STROKE,MỘT NÉT
STR_MODE_ONE_STROKE_NAME,ONE STROKE,MỘT NÉT
STR_HINT_ONE_STROKE,"✍️ Draw one stroke covering every cell - no re-entering, F must be last!","✍️ Vẽ 1 nét phủ kín mọi ô, không đi lại ô cũ. Ô cuối phải là F!"
STR_HUD_OS_TIME_SUB,NOW TIMING,ĐANG TÍNH GIỜ
STR_HUD_OS_COVER_MAX,/{0} CELLS,/{0} Ô
STR_HUD_OS_COVER_NOTE,{0} CELLS LEFT,CÒN LẠI {0} Ô
STR_HUD_OS_ROW_TITLE,"✍️ ONE STROKE, NO REPEAT",✍️ MỘT NÉT KHÔNG LẶP
STR_HUD_OS_CHIP,{0}% DONE,{0}% KÍN
STR_OS_FINISH_LOCKED,{0} CELLS LEFT!,CÒN {0} Ô CHƯA ĐI!
STR_OS_CELL_VISITED,VISITED,ĐÃ ĐI
STR_GAME_OVER_REVISIT,STEPPED ON AN OLD CELL!,ĐI LẠI Ô CŨ!
STR_GAME_OVER_OUT_OF_SUBMITS,OUT OF SUBMITS!,HẾT LƯỢT GỬI!
STR_MODE_WALL_BUILDER,WALL BUILDER,XÂY TƯỜNG
STR_MODE_WALL_BUILDER_NAME,WALL BUILDER,XÂY TƯỜNG
STR_HINT_WALL_BUILDER,"Read every number then connect enough walls and press SUBMIT!","Đọc số trên mỗi ô rồi nối đủ tường, bấm GỬI BÀI để kiểm tra!"
STR_TOOL_SUBMIT,SUBMIT,GỬI BÀI
STR_HUD_WB_TIME_SUB,THINKING,ĐANG SUY LUẬN
STR_HUD_WB_COVER_MAX,/{0} WALLS,/{0} ĐOẠN
STR_HUD_WB_COVER_NOTE,{0} WALLS LEFT,CÒN THIẾU {0} ĐOẠN
STR_HUD_WB_SUBMIT,❤️ SUBMITS: {0} / {1},❤️ LƯỢT GỬI: {0} / {1} LẦN
STR_HUD_WB_CHIP_BUILDING,CONNECTING WALLS,ĐANG NỐI TƯỜNG
STR_HUD_WB_CHIP_READY,READY TO SUBMIT,SẴN SÀNG GỬI
STR_WB_WRONG_COUNT,{0} WALLS STILL OFF!,CÒN LỆCH {0} ĐOẠN!
STR_REVIVE_DESC_SUBMIT,Get +1 SUBMIT to hand it in again,Nhận thêm +1 LƯỢT GỬI để nộp lại
STR_MISSION_NO_WRONG_SUBMIT,Submit right on the first try,Gửi đúng ngay lần đầu
STR_MISSION_ST_SUBMIT_MISSED,{0} wrong submits,Đã gửi sai {0} lần
STR_SETTINGS_SUBTITLE_TITLE,EXPERIENCE SETUP,THIẾT LẬP TRẢI NGHIỆM
STR_SETTINGS_SUBTITLE_DESC,"Adjust sound, controls and storage","Điều chỉnh âm thanh, điều khiển và lưu trữ"
STR_SETTINGS_LANGUAGE_SECTION,LANGUAGE & STORAGE,NGÔN NGỮ & LƯU TRỮ
STR_SETTINGS_LANGUAGE,Display language,Ngôn ngữ hiển thị
STR_SETTINGS_CLOUD,Cloud save,Lưu trữ đám mây
STR_SETTINGS_CLOUD_DESC,Google Play Games • Sync level progress,Google Play Games • Đồng bộ tiến độ màn
STR_SETTINGS_PLAYER_ID,Player ID:,Mã người chơi (Player ID):
STR_SETTINGS_CONNECTED,CONNECTED,ĐÃ KẾT NỐI
STR_SETTINGS_GUIDE,Review guide & 9 rule sets,Xem lại hướng dẫn & 9 bộ luật chơi
STR_SETTINGS_CREDITS,Soundtrack & credits,Nhạc nền & ghi công
STR_SETTINGS_RESET,Restore default settings,Khôi phục cài đặt mặc định
STR_SETTINGS_GLOW,Show glowing path trail,Hiển thị vệt dạ quang phát sáng
STR_SETTINGS_GLOW_DESC,Highlight the traced path from the S point,Làm nổi bật vệt đường đi đã vẽ từ điểm S
STR_SETTINGS_HAPTIC_DESC,Vibrate as a warning when stepping into a hidden wall,Rung phản hồi cảnh báo khi bước vào tường ẩn
STR_SETTINGS_AUTO_MARK_SAFE_DESC,Auto-eliminate edges when a cell shows 0,Hỗ trợ tự loại trừ cạnh khi ô có số 0
STR_SETTINGS_VERSION,VER {0},VER {0}
STR_SETTINGS_FOOTER,~ Number Maze: Logic Puzzle & Hidden Walls ~,~ Number Maze: Logic Puzzle & Hidden Walls ~
STR_CREDITS_TITLE,CREDITS,GHI CÔNG
STR_CREDITS_HEADER,SOUNDTRACK BACKGROUND THEME,SOUNDTRACK THEO CHỦ ĐỀ
STR_CREDITS_SUBTITLE,Background music adapts to your equipped paper theme and scene mood.,Nhạc nền thay đổi theo chủ đề giấy đang dùng và ngữ cảnh màn hình.
STR_CREDITS_SOUNDTRACK_SECTION,SOUNDTRACK,NHẠC NỀN
STR_CREDITS_THEME_LABEL,Theme in use,Chủ đề đang dùng
STR_CREDITS_TRACK_LABEL,Now playing,Đang phát
STR_CREDITS_ATTR_LABEL,Music attribution,Nguồn nhạc
STR_CREDITS_ATTR_LINE1,"""Wallpaper"" Kevin MacLeod (incompetech.com)","""Wallpaper"" Kevin MacLeod (incompetech.com)"
STR_CREDITS_ATTR_LINE2,Licensed under Creative Commons: By Attribution 4.0,Giấy phép Creative Commons: By Attribution 4.0
STR_CREDITS_ATTR_LINE3,http://creativecommons.org/licenses/by/4.0/,http://creativecommons.org/licenses/by/4.0/
STR_CREDITS_ATTR_LINE4,Track file: assets/soundtrack/Wallpaper.mp3,Tệp nhạc: assets/soundtrack/Wallpaper.mp3
STR_CREDITS_TEAM_SECTION,TEAM,ĐỘI NGŨ
STR_CREDITS_TEAM_BODY,"Design, gameplay, UI implementation and testing by InkMaze team.","Thiết kế, gameplay, UI và kiểm thử bởi đội ngũ InkMaze."
STR_CREDITS_THANKS,Thanks for playing and supporting InkMaze.,Cảm ơn bạn đã chơi và đồng hành cùng InkMaze.
STR_CREDITS_FOOTER,"~ Notebook puzzles, paper textures and music in one flow ~","~ Câu đố trên giấy, chủ đề nền và âm nhạc hòa chung một nhịp ~"
STR_LANGUAGE_TITLE,CHOOSE LANGUAGE,CHỌN NGÔN NGỮ
STR_LANGUAGE_SUBTITLE,Select your preferred language,Chọn ngôn ngữ bạn muốn sử dụng
STR_LANGUAGE_FOOTER,~ The language applies to every screen instantly ~,~ Ngôn ngữ sẽ được cập nhật ngay lập tức cho toàn bộ màn chơi ~
STR_BTN_CANCEL,CANCEL,HỦY BỎ
STR_BTN_APPLY,APPLY,ÁP DỤNG
STR_MODE_TIME_ATTACK,TIME ATTACK,ĐUA THỜI GIAN
STR_MODE_MINESWEEPER,MINESWEEPER MAZE,MÊ CUNG MÌN
STR_MODE_SUM_PATH,SUM PATH,ĐƯỜNG TỔNG
STR_MODE_COUNTDOWN_COST,COUNTDOWN COST,CHI PHÍ ĐẾM NGƯỢC
STR_MODE_BLIND_MEMORY,BLIND MEMORY,TRÍ NHỚ MÙ
STR_MODE_FOG_OF_WAR,FOG OF WAR,SƯƠNG MÙ
STR_MODE_FADING_INK,FADING INK,MỰC PHAI
STR_DAILY_TODAY_MODE,TODAY'S MODE: {0},CHẾ ĐỘ HÔM NAY: {0}
STR_DAILY_SPECIAL_LABEL,SPECIAL MODE: {0},CHẾ ĐỘ ĐẶC BIỆT: {0}
STR_DAILY_DATE_BADGE,DAY {0}/{1},NGÀY {0}/{1}
STR_DAILY_DONE_FORMAT,{0}/{1} DONE,{0}/{1} XONG
STR_DAILY_LOCKED,LOCKED,CHƯA MỞ
STR_DAILY_MISSED,MISSED,BỎ LỠ
STR_DAILY_REWARD_STARS,+{0},+{0}
STR_DAILY_REWARD_COINS,+{0} XU,+{0} XU
STR_DAILY_CLAIMED_REWARD,+{0}/{1} XU,+{0}/{1} XU
STR_DAILY_TOTAL_PROGRESS,{0}% ({1} DONE),{0}% ({1} HOÀN THÀNH)
STR_DAILY_STREAK_UNIT,{0} DAYS,{0} NGÀY
STR_DAILY_PLAY_MODE,PLAY {0},CHƠI {0}
STR_DAILY_UNLOCK_COST,UNLOCK: {0} XU,MỞ KHÓA: {0} XU
STR_DAILY_UNLOCKED,UNLOCKED,ĐÃ MỞ
STR_DAILY_TODO_FORMAT,{0}/{1} TO DO,{0}/{1} CHƯA
STR_STATUS_DONE_SHORT,DONE,XONG
STR_BTN_COMPLETE,COMPLETED,HOÀN THÀNH
STR_BTN_BACK_DAILY,BACK TO DAILY,VỀ DAILY
STR_DAILY_MISSION_NO_WALL_TITLE,Do not touch a hidden wall,Không đâm vào tường ẩn
STR_DAILY_MISSION_NO_WALL_DESC,Draw a safe ink line to F without touching any hidden wall,"Vẽ nét an toàn tới hố đích F, không chạm tường vô hình"
STR_DAILY_MISSION_STEPS_TITLE,Finish within {0} steps,Hoàn thành trong {0} bước
STR_DAILY_MISSION_STEPS_DESC,"Optimize the route, do not exceed the step budget","Tối ưu lộ trình vẽ, không vượt quá số bước"
STR_DAILY_MISSION_TIME_TITLE,Reach F under {0}s,Về đích dưới {0} giây
STR_DAILY_MISSION_TIME_DESC,Speed up the ink line and touch F before time runs out,"Tăng tốc nét bút, chạm hố đích F trước khi hết giờ"
STR_DAILY_MISSION_SPECIAL_TITLE,Beat 1 {0} run,Chinh phục 1 ván {0}
STR_DAILY_MISSION_SPECIAL_DESC,The second maze of the day — play it with special rules,Maze thứ hai của ngày — chơi theo luật đặc biệt
STR_DAILY_MISSION_PROGRESS_DONE,Progress: 1/1,Tiến độ: 1/1
STR_DAILY_MISSION_PROGRESS_TODO,Progress: 0/1,Tiến độ: 0/1
STR_DAILY_WIN_TITLE,DAILY COMPLETE,HOÀN THÀNH DAILY
STR_DAILY_WIN_SUBTITLE,Day {0}/{1} • {2},Ngày {0}/{1} • {2}
STR_DAILY_WIN_STAMP_TITLE,{0} / {1} MISSIONS,{0} / {1} NHIỆM VỤ
STR_DAILY_WIN_STAMP_SUB,+{0} XU,+{0} XU
STR_DAILY_WIN_TOTAL_TODAY,COINS TODAY,XU HÔM NAY
STR_DAILY_COINS_TOTAL,+{0}/{1} XU,+{0}/{1} XU
STR_DAILY_WIN_QUOTE,~ Back to Daily for your other maze ~,~ Quay lại Daily để chinh phục maze còn lại ~
STR_DAILY_WIN_CLASSIC,CLASSIC MAZE,MAZE THƯỜNG
STR_MONTH_01,January,Tháng 1
STR_MONTH_02,February,Tháng 2
STR_MONTH_03,March,Tháng 3
STR_MONTH_04,April,Tháng 4
STR_MONTH_05,May,Tháng 5
STR_MONTH_06,June,Tháng 6
STR_MONTH_07,July,Tháng 7
STR_MONTH_08,August,Tháng 8
STR_MONTH_09,September,Tháng 9
STR_MONTH_10,October,Tháng 10
STR_MONTH_11,November,Tháng 11
STR_MONTH_12,December,Tháng 12
STR_STEPS_LEFT_FORMAT,{0} / {1} STEPS ({2} LEFT),{0} / {1} Bước (Dư {2})
STR_WALL_HITS_FORMAT,{0} times ({1}),{0} lần ({1})
STR_PERFECT_TAG,Perfect,Hoàn hảo
STR_SCORE_FORMAT,+{0} PTS,+{0} PTS
STR_GAMEOVER_DISTANCE_FORMAT,Reached {0}% of the maze,Đạt {0}% mê cung
STR_GAMEOVER_WALLS_FORMAT,{0} times (-{1} steps),{0} lần (-{1} bước)
STR_BONUS_STEPS_GAINED,+{0} steps,+{0} bước
STR_NEXT_FLOOR_STEPS_BONUS,EXTRA STEPS FOR THE NEXT FLOOR:,THƯỞNG THÊM BƯỚC CHO TẦNG KẾ:
STR_NEXT_FLOOR_STEPS_DESC,Leftover steps are stored in your bag,Số bước dư được tích lũy vào kho hành trang
STR_RESULT_STAMP_PASSED,PASSED,ĐÃ QUA
STR_RESULT_STAMP_FLOOR,FLOOR {0} ✔,TẦNG {0} ✔
STR_GAME_OVER_LEVEL_TITLE,HIDDEN WALL HIT!,ĐÂM VÀO TƯỜNG VÔ HÌNH!
STR_GAME_OVER_LEVEL_SUBTITLE,One wall hit ends the run — {0}% of the maze cleared,Chạm tường là hết màn — đã đi được {0}% mê cung
STR_REVIVE_DESC_STEPS,Get +{0} more Steps to continue,Nhận thêm +{0} Bước để đi tiếp
STR_REVIVE_DESC_UNDO,Return to the previous step,Quay lại bước trước đó
STR_HUD_STEPS,STEPS,SỐ BƯỚC
STR_HUD_FLOOR,FLOOR,TẦNG
STR_HUD_SUM,CURRENT SUM,TỔNG HIỆN TẠI
STR_HUD_TARGET,TARGET,MỤC TIÊU
STR_MEMORIZE_TITLE,MEMORIZE!,GHI NHỚ!
STR_MEMORIZE_HINT,The walls will vanish when the countdown ends,Tường sẽ biến mất khi đếm ngược kết thúc
STR_GAME_OVER_NO_PATH,NO PATH LEFT!,HẾT ĐƯỜNG ĐI!
STR_RESULT_SUBTITLE,Level {0} • {1} Grid,Màn {0} • Bàn cờ {1}
STR_WIN_STAMP_TITLE,{0} / {1} MISSIONS,{0} / {1} NHIỆM VỤ
STR_WIN_STAMP_SUB,★ {0} STARS EARNED ★,★ ĐẠT {0} SAO ★
STR_MISSION_DONE_COUNT,{0} COMPLETED,{0} ĐÃ HOÀN THÀNH
STR_CHAPTER_FORMAT,CHAPTER {0},CHƯƠNG {0}
STR_LEVEL_TITLE_FORMAT,LEVEL {0},MÀN {0}
STR_LEVEL_NEXT,NEXT,MÀN TIẾP
STR_LEVEL_NEW,NEW,MỚI
STR_STARS_TOTAL_FORMAT,/{0},/{0}
STR_BTN_ARCHIVEMENT,BADGES,DANH HIỆU
STR_ACH_TITLE,BADGE BOOK,SỔ TAY THÀNH TỰU
STR_ACH_OVERVIEW_TITLE,BADGE COLLECTION PROGRESS,TIẾN ĐỘ THU THẬP DANH HIỆU
STR_ACH_OVERVIEW_FORMAT,Opened: {0} / {1} Badges • Points: {2} AP,Đã mở: {0} / {1} Danh hiệu • Điểm: {2} AP
STR_ACH_TAB_ALL,ALL ({0}),TẤT CẢ ({0})
STR_ACH_TAB_LEVELS,PLAY MODE,MÀN CHƠI
STR_ACH_TAB_DUNGEON,DUNGEON,DUNGEON
STR_ACH_TAB_DAILY,DAILY,DAILY
STR_ACH_TAB_SPECIAL,SPECIAL,ĐẶC BIỆT
STR_ACH_STATE_CLAIMED,CLAIMED,ĐÃ ĐẠT
STR_ACH_STATE_CLAIM,CLAIM +{0},NHẬN +{0}
STR_ACH_STATE_REWARD,Reward: +{0},Thưởng: +{0}
STR_ACH_STATE_LOCKED,LOCKED,KHÓA
STR_ACH_SECRET_TITLE,Secret Badge • Undiscovered,Thành Tựu Ẩn • Chưa Khám Phá
STR_ACH_SECRET_DESC,Keep playing to reveal this badge,Tiếp tục chơi để mở khoá danh hiệu này
STR_ACH_SECRET_PROGRESS,Progress: ??? / ???,Tiến độ: ??? / ???
STR_ACH_PROGRESS_DONE,Progress: {0} / {1} {2} (Done),Tiến độ: {0} / {1} {2} (Hoàn thành)
STR_ACH_PROGRESS_FORMAT,Progress: {0} / {1} {2},Tiến độ: {0} / {1} {2}
STR_ACH_QUOTE,~ Every precise move leaves a mark in your badge book ~,~ Mỗi bước đi chuẩn xác đều ghi dấu vào sổ tay thành tích của bạn ~
STR_ACH_BADGES_FORMAT,{0}/{1} BADGES,{0}/{1} BADGES
STR_ACH_EMPTY,No badges in this category yet,Chưa có danh hiệu nào trong mục này
STR_ACH_PERCENT,{0}%,{0}%
STR_MISSION_NO_WALL,Do not hit a hidden wall,Không đâm vào tường
STR_MISSION_STEPS,Finish within {0} steps,Đi không quá {0} bước
STR_MISSION_TIME,Reach F in under {0}s,Về đích dưới {0} giây
STR_MISSION_ONLY_NUMBERED,Step only on numbered cells,Chỉ đi vào ô CÓ số
STR_MISSION_AVOID_NUMBERED,Do not step on numbered cells,Không đi vào ô CÓ số
STR_MISSION_NO_REVISIT,Do not retrace your path,Không lặp lại ô cũ
STR_MISSION_VISIT_ALL,Visit every cell,Đi qua hết mọi ô
STR_MISSION_VISIT_ALL_NUMBERED,Visit every numbered cell,Đi hết mọi ô có số
STR_MISSION_LEN_MIN,Walk at least {0}% of the cells,Đi tối thiểu {0}% số ô
STR_MISSION_LEN_MAX,Walk at most {0}% of the cells,Đi tối đa {0}% số ô
STR_MISSION_SUM_LT,Path sum under {0},Tổng số đã đi < {0}
STR_MISSION_SUM_LE,Path sum at most {0},Tổng số đã đi <= {0}
STR_MISSION_SUM_GT,Path sum over {0},Tổng số đã đi > {0}
STR_MISSION_SUM_GE,Path sum at least {0},Tổng số đã đi >= {0}
STR_MISSION_NO_HINT,Do not use hints,Không dùng gợi ý
STR_MISSION_NO_UNDO,Do not use undo,Không dùng hoàn tác
STR_MISSION_ST_OK,OK,ổn
STR_MISSION_ST_VIOLATED,VIOLATED,VI PHẠM
STR_MISSION_ST_NUMBERED_OK,all numbered,toàn ô có số
STR_MISSION_ST_VISITED_PCT,{0}% cells,{0}% số ô
STR_MISSION_ST_VISIT_ALL,{0}/{1} cells,{0}/{1} ô
STR_MISSION_ST_PATH_SUM,sum {0},tổng {0}
STR_MISSION_ST_REVISITED,{0} revisits,đi đè {0}
STR_MISSION_ST_HINT_USED,hints {0},gợi ý {0}
STR_MISSION_ST_UNDO_USED,undos {0},hoàn tác {0}
STR_MISSION_STEPS_PROGRESS,{0}/{1} steps,{0}/{1} bước
STR_MISSION_TIME_LEFT,{0}s left,còn {0}s
STR_MISSION_TIME_OVER,{0}s over,quá {0}s
STR_MISSION_DONE,★ DONE,★ ĐẠT
STR_MISSION_NOT_DONE,NOT DONE,CHƯA ĐẠT
STR_MISSION_HEADER,LEVEL MISSIONS:,NHIỆM VỤ CỦA MÀN:
STR_MISSION_STAMP_TITLE,MISSIONS,NHIỆM VỤ
STR_MISSION_COUNT_FORMAT,{0} / {1},{0} / {1}
STR_GAMEOVER_STAMP_TITLE,OUT OF STEPS,HẾT BƯỚC
STR_GAMEOVER_STAMP_STEPS,{0} / {1} STEPS,{0} / {1} BƯỚC
STR_RANK_TITLE,LEADERBOARD,BẢNG XẾP HẠNG
STR_RANK_SCOPE,DEVICE,MÁY NÀY
STR_RANK_TAB_DUNGEON,DUNGEON,DUNGEON
STR_RANK_TAB_PLAY,PLAY MODE,CHẾ ĐỘ PLAY
STR_RANK_TAB_DAILY,DAILY STREAK,CHUỖI NGÀY
STR_RANK_RECORD_FLOOR,FLOOR {0},TẦNG {0}
STR_RANK_RECORD_LEVEL,LEVEL {0},MÀN {0}
STR_RANK_RECORD_STREAK,STREAK {0} DAYS,CHUỖI {0} NGÀY
STR_RANK_POINTS,{0} PTS,{0} ĐIỂM
STR_RANK_YOU,YOU (Player),BẠN (Người chơi)
STR_RANK_SUBTITLE,PERSONAL BEST,KỶ LỤC CÁ NHÂN
STR_RANK_NO_RECORD_SHORT,NO RECORD,CHƯA CÓ
STR_RANK_NO_RECORD,No record yet - play a run!,Chưa có kỷ lục - hãy chơi một ván!
STR_RANK_FOOTER,Leaderboard refreshes every 10 minutes - climb to the top!,Bảng xếp hạng tự làm mới mỗi 10 phút - chúc bạn sớm leo Top!
STR_RANK_DEMO,Offline board (demo) - rivals are simulated.,Bảng ngoại tuyến (demo) - đối thủ là dữ liệu mô phỏng.
STR_HUD_SUM_MOVES,({0} cells),({0} ô)
STR_HUD_SUM_NEED,NEED +{0},CẦN THÊM +{0}
STR_HUD_SUM_LEFT,CAN ADD +{0},CÒN ĐƯỢC +{0}
STR_HUD_SUM_OVER,OVER BY {0},ĐANG VƯỢT {0}
STR_HUD_SUM_OK,ENOUGH!,ĐÃ ĐỦ!
STR_HUD_TIME_FREE,No limit,Không giới hạn
STR_HUD_BUDGET_LEFT,BUDGET LEFT,NGÂN SÁCH CÒN
STR_HUD_PRICE_CHEAP,{0}-{1}: CHEAP,{0}-{1}: RẺ
STR_HUD_PRICE_PRICEY,{0}-{1}: PRICEY,{0}-{1}: ĐẮT
STR_HUD_INK_LOST,(-{0} INK),(-{0} MỰC)
STR_HINT_PLAY,Draw a path to the exit - touching an invisible wall is a loss!,Vẽ đường tới hố đích - chạm tường vô hình là thua ngay!
STR_HINT_DUNGEON,Endless tower: clear each floor with as few steps as you can!,Tháp vô tận: qua mỗi tầng với ít bước nhất có thể!
STR_HINT_MINESWEEPER,A cell number = how many walls touch it - stepping on a mine ends the run!,Số trên ô = số tường quanh ô - dẫm vào mìn là thua ngay!
STR_HINT_BLIND_MEMORY,"Memorize the walls, then walk the hidden maze from memory!",Ghi nhớ tường rồi đi trong mê cung ẩn theo trí nhớ!
STR_HINT_FOG_OF_WAR,Fog clears 1 cell around you - wall hit: back to S and -1 retry!,Sương tan quanh bạn 1 ô - đâm tường: về S và trừ 1 lượt thử!
STR_HUD_FOG_TIME_SUB,SCOUTING,ĐANG DÒ ĐƯỜNG
STR_HUD_FOG_RETRY_HEAD,❤️ RETRY LIVES,❤️ LƯỢT THỬ LẠI
STR_HUD_FOG_RETRY_NOTE,{0} LIVES LEFT TO RETURN S,CÒN {0} LẦN VỀ S
STR_HUD_FOG_VISION_CHIP,SURROUNDING,XUNG QUANH
STR_REVIVE_DESC_RETRY,Get +1 Retry to keep scouting,Nhận thêm +1 LƯỢT THỬ để dò tiếp
STR_HINT_SUM_PATH,Each cell is a score - your path total must satisfy the TARGET!,Mỗi ô là một điểm - tổng đường đi phải thỏa điều kiện MỤC TIÊU!
STR_HINT_COUNTDOWN_COST,Each cell is a toll on your step budget - pick the cheapest path!,Mỗi ô là cước phí trừ quỹ bước - hãy chọn đường rẻ nhất!
STR_HINT_FADING_INK,Every step drains 1 ink from every cell - dried cells block the way!,Mỗi bước làm mọi ô mất 1 mực - ô cạn mực bị bít lối!
STR_MODE_PLAY_NAME,PLAY MODE,CHẾ ĐỘ PLAY
STR_MODE_DUNGEON_NAME,DUNGEON MODE,CHẾ ĐỘ DUNGEON
STR_MODE_DAILY_CLASSIC_NAME,CLASSIC MAZE,MAZE THƯỜNG
STR_CHAPTER_SCREEN_TITLE,SELECT CHAPTER,CHỌN CHƯƠNG
STR_CHAPTER_TITLE_FORMAT,CHAPTER {0}: {1},CHƯƠNG {0}: {1}
STR_CHAPTER_RIBBON_PLAYING,IN PROGRESS,ĐANG CHƠI
STR_CHAPTER_RIBBON_OPEN,UNLOCKED,ĐÃ MỞ
STR_CHAPTER_RIBBON_READY,READY TO UNLOCK,ĐÃ ĐỦ ĐIỀU KIỆN
STR_CHAPTER_RIBBON_LOCKED,LOCKED,ĐANG KHÓA
STR_CHAPTER_RIBBON_COMING,COMING SOON,SẮP RA MẮT
STR_CHAPTER_SIZE_FORMAT,SIZE {0},KÍCH THƯỚC {0}
STR_CHAPTER_STARS_FORMAT,{0} / {1} STARS,{0} / {1} SAO
STR_CHAPTER_LEVELS_FORMAT,({0}/{1} levels),({0}/{1} màn)
STR_CHAPTER_NEED_FORMAT,{0} STARS SHORT,CÒN THIẾU {0} SAO
STR_CHAPTER_REQUIRE_FORMAT,NEED {0} STARS,CẦN {0} SAO
STR_CHAPTER_HAVE_FORMAT,✓ ENOUGH: {0} / {1} STARS,✓ ĐÃ ĐỦ: {0} / {1} SAO
STR_CHAPTER_PLAY,PLAY,VÀO CHƠI
STR_CHAPTER_PLAY_SUB,Level {0} ›,Màn {0} ›
STR_CHAPTER_UNLOCK,UNLOCK,MỞ KHÓA
STR_CHAPTER_NOT_ENOUGH,Not enough stars,Chưa đủ sao
STR_CHAPTER_STARS_HELD,STARS,SAO CÓ
STR_CHAPTER_BANNER,Clear level missions to collect Stars and unlock new Chapters!,Chinh phục nhiệm vụ ở các màn để tích lũy Sao mở khóa Chương mới!
STR_CHAPTER_UNLOCKABLE,A new Chapter is ready — tap to unlock!,Có Chương mới có thể mở khóa — bấm để xem!
STR_SHOP_TITLE,SHOP,CỬA HÀNG
STR_SHOP_EYEBROW,STATIONERY STORE,TIỆM VĂN PHÒNG PHẨM
STR_SHOP_TAB_PEN,PEN & INK,✒️ BÚT & MỰC
STR_SHOP_TAB_THEME,PAPER,📜 GIẤY VỞ
STR_SHOP_TAB_TOOL,TOOLS,🎒 DỤNG CỤ
STR_SHOP_TAB_COIN,TOP UP,🪙 NẠP XU
STR_SHOP_PAGE_FORMAT,PAGE {0} / {1},TRANG {0} / {1}
STR_SHOP_STOCK_FORMAT,In your bag: {0} {1},Đang có: {0} {1}
STR_SHOP_UNIT_TURN,turns,lượt
STR_SHOP_UNIT_COIN,ink coins,xu mực
STR_SHOP_BONUS_TAG,Bonus,Tặng thêm
STR_SHOP_USE,USE,SỬ DỤNG
STR_SHOP_BUY_MORE,BUY MORE,MUA THÊM
STR_SHOP_EQUIPPED,IN USE ✓,ĐANG DÙNG ✓
STR_SHOP_EQUIPPED_NOTE,✓ Currently active,✓ Đang kích hoạt
STR_SHOP_OWNED_NOTE,Tap USE to switch,Bấm SỬ DỤNG để đổi
STR_SHOP_NOT_ENOUGH,Not enough ink coins,Chưa đủ Xu Mực
STR_SHOP_OWNED_BTN,OWNED,ĐÃ SỞ HỮU
STR_SHOP_PRICE_FORMAT,{0} XU,{0} XU
STR_SHOP_BANNER_TITLE,DAILY BOOST • FREE INK COINS,GÓC TIẾP SỨC HỌC TẬP • NHẬN XU MIỄN PHÍ
STR_SHOP_BANNER_DESC,Watch a short lesson every day to get 50 ink coins,Xem bài giảng ngắn mỗi ngày để nhận ngay 50 Xu Mực
STR_SHOP_BANNER_BTN,+50 XU ▶,+50 XU ▶
STR_SHOP_FOOTER,"~ Sharp pen, clean notebook ~",~ Bút sắc vẽ đường • Vở sạch luyện trí ~
STR_SHOP_BADGE_BASIC,BASIC,CƠ BẢN
STR_SHOP_BADGE_UNLOCKED,UNLOCKED,ĐÃ MỞ KHÓA
STR_SHOP_BADGE_SOUND,RUSTLE EFFECT,HIỆU ỨNG SỘT SOẠT
STR_SHOP_BADGE_MARK,MARKING PEN,NÉT CHẤM BÀI
STR_SHOP_BADGE_GLOW,GLOW,DẠ QUANG
STR_SHOP_BADGE_VIP,GOLD VIP,ÁNH KIM VIP
STR_SHOP_BADGE_RELAX,RELAXING,THƯ GIÃN
STR_SHOP_BADGE_DIARY,DIARY,NHẬT KÝ
STR_SHOP_BADGE_SKETCH,SKETCH,PHÁC THẢO
STR_SHOP_BADGE_NIGHT,NIGHT INK,MỰC ĐÊM
STR_SHOP_BADGE_NIGHT_MODE,EYE-FRIENDLY,ÊM MẮT
STR_SHOP_BADGE_MODERN,MODERN,HIỆN ĐẠI
STR_SHOP_BADGE_MINIMAL,MINIMAL,TỐI GIẢN
STR_SHOP_BADGE_PRECISE,PRECISE,CHUẨN XÁC
STR_SHOP_BADGE_VINTAGE,VINTAGE,CỔ ĐIỂN
STR_SHOP_BADGE_CUTE,CUTE,DỄ THƯƠNG
STR_SHOP_BADGE_EXAM,EXAM VIBE,KHÔNG KHÍ THI
STR_SHOP_BADGE_PACK,PACK OF TURNS,GÓI LƯỢT
STR_SHOP_BADGE_NEW,NEW,MỚI
STR_SHOP_BADGE_RECOMMEND,RECOMMENDED,KHUYÊN DÙNG
STR_SHOP_BADGE_BEST,BEST VALUE,LỜI NHẤT
STR_SHOP_BADGE_TYCOON,BIG SPENDER,ĐẠI GIA
STR_SHOP_PEN_BLUE_NAME,Classic Blue Ink,Mực Xanh Học Trò
STR_SHOP_PEN_BLUE_DESC,Innocent school-day strokes,Nét chữ ngây thơ thời cắp sách
STR_SHOP_PEN_PURPLE_NAME,Eggplant Purple Ink,Mực Tím Hoa Cà
STR_SHOP_PEN_PURPLE_DESC,Nostalgic handwriting,Nét chữ nết người hoài niệm
STR_SHOP_PEN_PENCIL_NAME,Wooden Pencil 2B,Bút Chì Gỗ 2B
STR_SHOP_PEN_PENCIL_DESC,Rustling sound on paper,Âm thanh sột soạt trên mặt giấy
STR_SHOP_PEN_RED_NAME,Teacher's Red Pen,Bút Đỏ Giáo Viên
STR_SHOP_PEN_RED_DESC,"Bold, powerful marking ink",Nét mực đỏ tươi rực rỡ quyền lực
STR_SHOP_PEN_HIGHLIGHT_NAME,Highlighter Pen,Bút Nhớ Dạ Quang
STR_SHOP_PEN_HIGHLIGHT_DESC,Soft glowing highlight lines,Vạch sáng trong mờ nổi bật
STR_SHOP_PEN_GOLD_NAME,Royal Gold Ink,Mực Nhũ Hoàng Gia
STR_SHOP_PEN_GOLD_DESC,Shimmering gold flakes,Hạt kim tuyến phát sáng lấp lánh
STR_SHOP_PEN_GREEN_NAME,Green Tea Ink,Mực Xanh Trà
STR_SHOP_PEN_GREEN_DESC,Calm and easy on the eyes,"Dịu mắt, êm như lá trà"
STR_SHOP_PEN_PINK_NAME,Diary Pink Ink,Mực Hồng Nhật Ký
STR_SHOP_PEN_PINK_DESC,Sweet tone for every page,Ngọt ngào cho từng trang viết
STR_SHOP_PEN_GRAPHITE_NAME,Graphite Lead 4B,Bút Chì Kim 4B
STR_SHOP_PEN_GRAPHITE_DESC,"Dark, smooth sketching lines","Đậm, mượt, đúng chất phác thảo"
STR_SHOP_PEN_NAVY_NAME,Midnight Navy Ink,Mực Xanh Đêm
STR_SHOP_PEN_NAVY_DESC,Deep as the night sky,Sâu thẳm như bầu trời đêm
STR_SHOP_THEME_4LY_NAME,4-Line Notebook,Vở Ô Ly 4 Ly
STR_SHOP_THEME_4LY_DESC,Cream paper interface,Giao diện giấy vàng kem
STR_SHOP_THEME_BOARD_NAME,Blackboard & Chalk,Bảng Đen Phấn Trắng
STR_SHOP_THEME_BOARD_DESC,"Classroom wood board, dusty chalk lines","Bảng gỗ lớp học, nét vẽ phấn bụi"
STR_SHOP_THEME_CAMPUS_NAME,Campus Ruled Book,Vở Kẻ Ngang Campus
STR_SHOP_THEME_CAMPUS_DESC,Slim modern ruled lines,Dòng kẻ ngang thanh thoát hiện đại
STR_SHOP_THEME_BULLET_NAME,Bullet Journal,Bullet Journal
STR_SHOP_THEME_BULLET_DESC,Japanese dot-grid cream paper,Giấy kem chấm bi phong cách Nhật
STR_SHOP_THEME_TECH_NAME,Technical Graph Paper,Giấy Kẻ Toán Kỹ Thuật
STR_SHOP_THEME_TECH_DESC,"High precision, math style","Độ chuẩn xác cao, phong cách toán học"
STR_SHOP_THEME_KRAFT_NAME,Classic Kraft Paper,Giấy Kraft Cổ Điển
STR_SHOP_THEME_KRAFT_DESC,Old adventurer notebook feel,Cảm giác sổ tay thám hiểm xưa
STR_SHOP_THEME_PASTEL_NAME,Korean Pastel Check,Caro Pastel Hàn Quốc
STR_SHOP_THEME_PASTEL_DESC,"Cute, youthful bullet style","Dễ thương, trẻ trung phong cách Bullet"
STR_SHOP_THEME_EXAM_NAME,Exam Paper,Tờ Giấy Thi Học Trò
STR_SHOP_THEME_EXAM_DESC,Thrilling exam-room mood,Không khí phòng thi kịch tính
STR_SHOP_TOOL_UNDO_NAME,Eraser 4B (x10 Turns),Gôm Tẩy 4B (x10 Lượt)
STR_SHOP_TOOL_UNDO_DESC,Undo a wrong step without any penalty,Hoàn tác bước đi sai lầm mà không bị tính lỗi hay trừ cước phí
STR_SHOP_TOOL_HINT_NAME,Path Magnifier (x5),Kính Lúp Soi Lối (x5)
STR_SHOP_TOOL_HINT_DESC,Reveal one safe segment of the path,Vạch trần 1 đoạn đường an toàn tránh đâm vào tường vô hình
STR_SHOP_TOOL_REVEAL_NAME,Ghost Wall Eraser (x3),Bút Xoá Tường Mờ (x3)
STR_SHOP_TOOL_REVEAL_DESC,Reveal every hidden wall for one floor,Hiện toàn bộ tường ẩn trong 1 lượt chơi
STR_SHOP_TOOL_TIME_NAME,Flip Hourglass (x3),Đồng Hồ Cát Lật Nhanh (x3)
STR_SHOP_TOOL_TIME_DESC,Add 30 extra seconds to the current run,Cộng thêm 30 giây cho lượt đang chơi
STR_SHOP_TOOL_REVIVE_NAME,Paper Clip of Life (x1),Kẹp Giấy Giữ Mạng (x1)
STR_SHOP_TOOL_REVIVE_DESC,Revive on the spot after a wall hit,Hồi sinh tại chỗ 1 lần khi đâm tường
STR_SHOP_TOOL_SHIELD_NAME,Paper Tape Shield (x2),Băng Dính Vá Giấy (x2)
STR_SHOP_TOOL_SHIELD_DESC,Block one invisible-wall collision,Chặn 1 lần đâm vào tường vô hình
STR_SHOP_COIN_500_NAME,Bag of 500,Túi Xu 500
STR_SHOP_COIN_500_DESC,Starter ink coin bag,Túi xu cơ bản
STR_SHOP_COIN_2000_NAME,"Chest of 2,000","Rương Xu 2,000"
STR_SHOP_COIN_2000_DESC,Extra 200 coins included,Tặng thêm 200 Xu
STR_SHOP_COIN_3500_NAME,"Pencil Case of 3,500","Hộp Bút Xu 3,500"
STR_SHOP_COIN_3500_DESC,Extra 500 coins included,Tặng thêm 500 Xu
STR_SHOP_COIN_8000_NAME,"Backpack of 8,000","Cặp Sách Xu 8,000"
STR_SHOP_COIN_8000_DESC,"Extra 1,600 coins included","Tặng thêm 1,600 Xu"
STR_SHOP_COIN_20000_NAME,"Vault of 20,000","Kho Xu Khổng Lồ 20,000"
STR_SHOP_COIN_20000_DESC,"Extra 5,000 coins for big spenders","Tặng thêm 5,000 Xu cho đại gia"
STR_SHOP_COIN_NOADS_NAME,Remove Ads Pack,Gói Xoá Quảng Cáo (No Ads)
STR_SHOP_COIN_NOADS_DESC,Remove all ads forever + bonus golden pen skin,Loại bỏ vĩnh viễn quảng cáo + tặng kèm Skin Bút Máy Mạ Vàng
STR_CHAPTER_CONTINUE_FORMAT,CONTINUE CHAPTER {0} (LEVEL {1}),TIẾP TỤC CHƯƠNG {0} (MÀN {1})
STR_SPLASH_STUDIO,INK & PAPER GAMES,XƯỞNG TRÒ CHƠI MỰC & GIẤY
STR_SPLASH_TAGLINE,A Hand-drawn Labyrinth,Mê Cung Bút Chì Trên Trang Giấy
STR_TITLE_TAP_TO_START,TAP TO START,CHẠM ĐỂ BẮT ĐẦU
STR_TITLE_SUBTITLE,Logic Maze on Notebook Paper,Mê Cung Logic Trên Trang Giấy
STR_SHOP_TRY_TITLE,DOODLE TEST PAD,BÀN NHÁP THỬ BÚT
STR_SHOP_TRY_HINT,Draw with your finger to feel the ink,Vẽ thử bằng ngón tay để cảm nhận nét mực
STR_SHOP_TRY_BADGE,NOW TRYING,ĐANG XEM THỬ
STR_SHOP_TRY_STAMP,TRYING ✓,DÙNG THỬ ✓
STR_SHOP_TRY_USING,IN USE ✓,ĐANG DÙNG ✓
STR_GI_BLINDMEMORY_CHIP,BLIND MEMORY MAZE,BLIND MEMORY MAZE
STR_GI_BLINDMEMORY_P1_CTA,NEXT: WALLS VANISH (2/3) ›,TIẾP THEO: TƯỜNG BIẾN MẤT (2/3) ›
STR_GI_BLINDMEMORY_P1_LINK,Skip guide & start memorizing now,Bỏ qua hướng dẫn & Vào ghi nhớ ngay
STR_GI_BLINDMEMORY_P1_R1D,You get a 3-second countdown (3.. 2.. 1.. GO!) to study the entire real maze.,Bạn có 3 giây đếm ngược (3.. 2.. 1.. GO!) để nhìn thấy toàn bộ mê cung thật.
STR_GI_BLINDMEMORY_P1_R1T,The Full Maze Shows At The Start:,Tường Hiển Thị Toàn Bộ Khi Bắt Đầu:
STR_GI_BLINDMEMORY_P1_R2D,"The 3-second memory window is not counted toward your play time, and drawing is locked during it.",Thời gian 3 giây ghi nhớ không bị tính vào thời gian chơi. Tương tác vẽ bị khóa tạm thời.
STR_GI_BLINDMEMORY_P1_R2T,The Timer Is Paused:,Đồng Hồ Chưa Tính Giờ:
STR_GI_BLINDMEMORY_P1_R3D,"Once the walls hide, cells go blank — you must rely purely on your memory!","Sau khi tường ẩn, các ô sẽ trống trơn — bạn hoàn toàn phải dựa vào bộ nhớ của mình!"
STR_GI_BLINDMEMORY_P1_R3T,There Are No Clue Numbers At All:,Không Có Bất Kỳ Số Manh Mối Nào:
STR_GI_BLINDMEMORY_P1_SECTION,MEMORY PHASE RULES,QUY TẮC PHA GHI NHỚ
STR_GI_BLINDMEMORY_P1_TAB1,3-SECOND COUNTDOWN,ĐẾM NGƯỢC 3 GIÂY
STR_GI_BLINDMEMORY_P1_TAB2,WALLS VANISH,TƯỜNG BIẾN MẤT
STR_GI_BLINDMEMORY_P1_TAB3,PLACE DRAFT WALLS,DỰNG TƯỜNG NHÁP
STR_GI_BLINDMEMORY_P1_TITLE,The Memorize Countdown,Pha Đếm Ngược Ghi Nhớ
STR_GI_BLINDMEMORY_P2_CTA,NEXT: PLACE DRAFT WALLS (3/3) ›,TIẾP THEO: DỰNG TƯỜNG NHÁP (3/3) ›
STR_GI_BLINDMEMORY_P2_LINK,Skip guide & start memorizing now,Bỏ qua hướng dẫn & Vào ghi nhớ ngay
STR_GI_BLINDMEMORY_P2_R1D,Every wall disappears. You only see the Start stair (S) and the Finish hole (F).,Mọi bức tường đều biến mất. Bạn chỉ thấy ô Cầu thang Start (S) và Hố thang Finish (F).
STR_GI_BLINDMEMORY_P2_R1T,The Maze Hides Completely:,Mê Cung Ẩn Kín Hoàn Toàn:
STR_GI_BLINDMEMORY_P2_R2D,In Normal mode you get pushed back to S and lose time; in Hardcore you LOSE INSTANTLY!,Ở chế độ Thường bạn sẽ bị đẩy về S và mất thời gian; ở chế độ Hardcore sẽ THUA NGAY LẬP TỨC!
STR_GI_BLINDMEMORY_P2_R2T,Hitting An Invisible Wall:,Hậu Quả Khi Chạm Tường Vô Hình:
STR_GI_BLINDMEMORY_P2_R3D,Don't rush across many cells at once. Walk while replaying the maze image from your memory.,Đừng vội vàng kéo lướt qua nhiều ô. Hãy vừa đi vừa nhớ lại hình ảnh mê cung lúc nãy.
STR_GI_BLINDMEMORY_P2_R3T,"Draw Slowly, One Step At A Time:",Vẽ Chậm Rãi Từng Bước Một:
STR_GI_BLINDMEMORY_P2_SECTION,MEMORY WALK RULES,QUY TẮC ĐI BẰNG TRÍ NHỚ
STR_GI_BLINDMEMORY_P2_TAB1,3-SECOND COUNTDOWN,ĐẾM NGƯỢC 3 GIÂY
STR_GI_BLINDMEMORY_P2_TAB2,WALLS VANISH,TƯỜNG BIẾN MẤT
STR_GI_BLINDMEMORY_P2_TAB3,PLACE DRAFT WALLS,DỰNG TƯỜNG NHÁP
STR_GI_BLINDMEMORY_P2_TITLE,Walls Vanish & Walking From Memory,Tường Biến Mất & Đi Bằng Trí Nhớ
STR_GI_BLINDMEMORY_P3_CTA,UNDERSTOOD • MEMORY MISSION,ĐÃ HIỂU • NHIỆM VỤ TRÍ NHỚ
STR_GI_BLINDMEMORY_P3_LINK,Review from the start (Page 1),Xem lại từ đầu (Trang 1)
STR_GI_BLINDMEMORY_P3_R1D,Connect 2 Anchors to mark the important walls you just saw before the memory fades.,Nối 2 điểm Anchor để đánh dấu các bức tường quan trọng bạn vừa thấy trước khi bộ nhớ bị phai.
STR_GI_BLINDMEMORY_P3_R1T,Place Draft Walls Immediately:,Dựng Tường Nháp Ngay Lập Tức:
STR_GI_BLINDMEMORY_P3_R2D,"If a middle section slips away, don't gamble — tap Hint to reveal 1 safe cell.","Nếu quên hẳn khúc giữa, đừng liều đâm bừa; hãy bấm Gợi Ý để soi ra 1 ô an toàn."
STR_GI_BLINDMEMORY_P3_R2T,Use The Hint Button When Stuck:,Tận Dụng Nút Gợi Ý Khi Bị Bí:
STR_GI_BLINDMEMORY_P3_R3D,"Bigger boards (4×4 then 5×5) pack more walls for a top-tier brain mission!","Màn chơi càng rộng (4×4 rồi 5×5), số lượng tường càng nhiều, nhiệm vụ trí não đỉnh cao!"
STR_GI_BLINDMEMORY_P3_R3T,Train Your Memory Daily:,Rèn Luyện Trí Nhớ Mỗi Ngày:
STR_GI_BLINDMEMORY_P3_SECTION,WINNING SECRETS,BÍ QUYẾT CHIẾN THẮNG
STR_GI_BLINDMEMORY_P3_TAB1,3-SECOND COUNTDOWN,ĐẾM NGƯỢC 3 GIÂY
STR_GI_BLINDMEMORY_P3_TAB2,WALLS VANISH,TƯỜNG BIẾN MẤT
STR_GI_BLINDMEMORY_P3_TAB3,PLACE DRAFT WALLS,DỰNG TƯỜNG NHÁP
STR_GI_BLINDMEMORY_P3_TITLE,Draft Walls & Hints,Dựng Tường Nháp & Gợi Ý
STR_GI_COUNTDOWNCOST_CHIP,COUNTDOWN COST,COUNTDOWN COST
STR_GI_COUNTDOWNCOST_P1_CTA,NEXT: WALL HITS CHARGE THE TOLL (2/3) ›,TIẾP THEO: ĐÂM TƯỜNG TRỪ CƯỚC (2/3) ›
STR_GI_COUNTDOWNCOST_P1_LINK,Skip guide & start counting the cost now,Bỏ qua hướng dẫn & Vào tính cước ngay
STR_GI_COUNTDOWNCOST_P1_R1D,Every cell you enter charges its price straight from your budget (1 to 4 steps).,"Mỗi khi bạn bước vào ô nào, ngân sách sẽ trừ thẳng bấy nhiêu bước (từ 1 đến 4 bước)."
STR_GI_COUNTDOWNCOST_P1_R1T,The Number Is The Cell's Step Cost:,Con Số Là Chi Phí Bước Của Ô:
STR_GI_COUNTDOWNCOST_P1_R2D,If the step budget runs dry before you reach the Finish hole • Game Over!,Nếu chưa kịp chạm tới hố thang Finish mà đã cạn kiệt ngân sách bước • Game Over!
STR_GI_COUNTDOWNCOST_P1_R2T,Budget Drops To 0 And You Lose:,Ngân Sách Tụt Về 0 Là Thua Ngay:
STR_GI_COUNTDOWNCOST_P1_R3D,Numbers here never mark walls — they only show the step cost of walking through.,Con số ở chế độ này hoàn toàn không báo vị trí tường — chỉ biểu thị chi phí bước đi.
STR_GI_COUNTDOWNCOST_P1_R3T,Nothing To Do With Wall Counts:,Không Liên Quan Tới Số Tường:
STR_GI_COUNTDOWNCOST_P1_SECTION,STEP COST RULES,QUY TẮC CHI PHÍ BƯỚC
STR_GI_COUNTDOWNCOST_P1_TAB1,BUDGET & TOLLS,NGÂN SÁCH & CƯỚC
STR_GI_COUNTDOWNCOST_P1_TAB2,WALL HITS COST STEPS,ĐÂM TƯỜNG TRỪ BƯỚC
STR_GI_COUNTDOWNCOST_P1_TAB3,OPTIMIZE COST,TỐI ƯU CHI PHÍ
STR_GI_COUNTDOWNCOST_P1_TITLE,Budget & Cell Tolls,Ngân Sách & Giá Cước Ô
STR_GI_COUNTDOWNCOST_P2_CTA,NEXT: OPTIMIZE COST & UNDO (3/3) ›,TIẾP THEO: TỐI ƯU CHI PHÍ & UNDO (3/3) ›
STR_GI_COUNTDOWNCOST_P2_LINK,Skip guide & start counting the cost now,Bỏ qua hướng dẫn & Vào tính cước ngay
STR_GI_COUNTDOWNCOST_P2_R1D,Hitting an invisible wall bounces you back to S and charges the cost of the cell you tried to enter.,Đâm vào tường vô hình sẽ văng về S và trừ thẳng chi phí của ô bạn vừa toan bước vào.
STR_GI_COUNTDOWNCOST_P2_R1T,Wall Hits Still Charge The Toll:,Đâm Tường Vẫn Bị Phạt Cước Bước:
STR_GI_COUNTDOWNCOST_P2_R2D,Just 2-3 big cells can wipe your entire budget. Prefer routes through cells 1 and 2.,Chỉ 2-3 ô số to là đủ vét sạch ngân sách của bạn. Hãy ưu tiên các tuyến đường qua ô 1 và 2.
STR_GI_COUNTDOWNCOST_P2_R2T,Avoid Cells 3 & 4:,Hạn Chế Bước Vào Ô Số 3 & Số 4:
STR_GI_COUNTDOWNCOST_P2_R3D,The wall you hit stays visible on the board. Don't hit it twice and burn more budget!,Bức tường bị đâm sẽ hiện rõ trên bàn cờ. Đừng đâm lại lần thứ hai làm tiêu hao ngân sách!
STR_GI_COUNTDOWNCOST_P2_R3T,Walls Reveal Themselves As Lessons:,Tường Lộ Ra Để Rút Kinh Nghiệm:
STR_GI_COUNTDOWNCOST_P2_SECTION,WALL HIT & TOLL RULES,QUY TẮC ĐÂM TƯỜNG & CƯỚC PHÍ
STR_GI_COUNTDOWNCOST_P2_TAB1,BUDGET & TOLLS,NGÂN SÁCH & CƯỚC
STR_GI_COUNTDOWNCOST_P2_TAB2,WALL HITS COST STEPS,ĐÂM TƯỜNG TRỪ BƯỚC
STR_GI_COUNTDOWNCOST_P2_TAB3,OPTIMIZE COST,TỐI ƯU CHI PHÍ
STR_GI_COUNTDOWNCOST_P2_TITLE,Wall Hits & Pricey-Cell Traps,Đâm Tường & Bẫy Ô Đắt
STR_GI_COUNTDOWNCOST_P3_CTA,UNDERSTOOD • OPTIMIZE THE BUDGET,ĐÃ HIỂU • TỐI ƯU NGÂN SÁCH
STR_GI_COUNTDOWNCOST_P3_LINK,Review from the start (Page 1),Xem lại từ đầu (Trang 1)
STR_GI_COUNTDOWNCOST_P3_R1D,Add up the cell values along each route; pick the branch with the smallest total to reach F.,Nhẩm tính tổng số điểm của các ô trên đường đi; chọn nhánh có tổng số nhỏ nhất để tới F.
STR_GI_COUNTDOWNCOST_P3_R1T,Scout The Cheapest Route First:,Tìm Tuyến Đường Rẻ Nhất Trước Khi Vẽ:
STR_GI_COUNTDOWNCOST_P3_R2D,"If a branch turns out too costly, Undo back and recover every step already spent.","Nếu nhận thấy nhánh đang đi quá tốn bước, hãy Undo lùi lại để nhận lại toàn bộ số bước đã trừ."
STR_GI_COUNTDOWNCOST_P3_R2T,Use Undo To Reclaim Budget:,Tận Dụng Undo Để Thu Hồi Ngân Sách:
STR_GI_COUNTDOWNCOST_P3_R3D,"The fewer steps you burn on the way to the exit, the higher you rank!",Người chơi về đích với tổng chi phí bước tiêu tốn càng ít sẽ giành thứ hạng càng cao!
STR_GI_COUNTDOWNCOST_P3_R3T,Ranking Rewards Minimum Cost:,Xếp Hạng Dựa Trên Chi Phí Tối Thiểu:
STR_GI_COUNTDOWNCOST_P3_SECTION,MASTER TIPS,BÍ QUYẾT PHÁ ĐẢO
STR_GI_COUNTDOWNCOST_P3_TAB1,BUDGET & TOLLS,NGÂN SÁCH & CƯỚC
STR_GI_COUNTDOWNCOST_P3_TAB2,WALL HITS COST STEPS,ĐÂM TƯỜNG TRỪ BƯỚC
STR_GI_COUNTDOWNCOST_P3_TAB3,OPTIMIZE COST,TỐI ƯU CHI PHÍ
STR_GI_COUNTDOWNCOST_P3_TITLE,Optimize Cost & Undo Refunds,Tối Ưu Chi Phí & Hoàn Cước
STR_GI_DUNGEON_CHIP,ENDLESS MODE,CHẾ ĐỘ VÔ TẬN
STR_GI_DUNGEON_P1_CTA,NEXT: WALL HIT MECHANICS (2/3) ›,TIẾP THEO: CƠ CHẾ ĐÂM TƯỜNG (2/3) ›
STR_GI_DUNGEON_P1_LINK,Skip guide & start climbing now,Bỏ qua hướng dẫn & Vào leo tầng ngay
STR_GI_DUNGEON_P1_R1D,Each move costs 1 step. Never let your step count hit 0!,Mỗi ô di chuyển trừ 1 bước. Tuyệt đối không để số bước tụt về 0!
STR_GI_DUNGEON_P1_R1T,The Only Mode With A Step Limit:,Chế Độ Duy Nhất Giới Hạn Bước Đi:
STR_GI_DUNGEON_P1_R2D,Descending the F shaft grants extra steps for the next floor and banks your score.,Xuống được hố thang F sẽ cộng thêm bước cho tầng kế tiếp và tích lũy điểm số.
STR_GI_DUNGEON_P1_R2T,Bonus Steps For Clearing A Floor:,Nhận Thêm Bước Thưởng Khi Qua Tầng:
STR_GI_DUNGEON_P1_R3D,There is no final level! Preserve as many steps as you can and go as deep as possible.,Game không có màn cuối! Hãy bảo toàn tối đa số bước để đi xa nhất có thể.
STR_GI_DUNGEON_P1_R3T,Chase The Deepest-Floor Record:,Chinh Phục Kỷ Lục Tầng Sâu Nhất:
STR_GI_DUNGEON_P1_SECTION,ENDLESS RUN RULES,LUẬT CHƠI VÔ TẬN
STR_GI_DUNGEON_P1_TAB1,STEP MANAGEMENT,QUẢN LÝ BƯỚC
STR_GI_DUNGEON_P1_TAB2,WALL HITS SEND TO S,ĐÂM TƯỜNG VỀ S
STR_GI_DUNGEON_P1_TAB3,ENDLESS TRAPS,BẪY VÔ TẬN
STR_GI_DUNGEON_P1_TITLE,Floor Climbing & Step Management,Leo Tầng & Quản Lý Bước
STR_GI_DUNGEON_P2_CTA,NEXT: ENDLESS TRAPS & DEEP-CLIMB TIPS (3/3) ›,TIẾP THEO: BẪY VÔ TẬN & MẸO LEO SÂU (3/3) ›
STR_GI_DUNGEON_P2_LINK,Skip guide & start climbing now,Bỏ qua hướng dẫn & Vào leo tầng ngay
STR_GI_DUNGEON_P2_R1D,Hitting an invisible wall in Dungeon doesn't end the run — it only costs 1 step.,"Đâm tường vô hình ở Dungeon không kết thúc màn chơi, chỉ trừ 1 bước di chuyển."
STR_GI_DUNGEON_P2_R1T,No Instant Game Over:,Không Bị Game Over Ngay Lập Tức:
STR_GI_DUNGEON_P2_R2D,The wall you hit turns into a bold dark line for the rest of that floor.,Vách tường bạn vừa đâm vào sẽ hiện thành nét đen đậm rõ ràng suốt tầng đó.
STR_GI_DUNGEON_P2_R2T,The Wall Stays Revealed Forever:,Bức Tường Sẽ Lộ Diện Vĩnh Viễn:
STR_GI_DUNGEON_P2_R3D,Your piece returns to S to start a fresh line that avoids the wall you just learned about.,Nhân vật trở lại điểm S để bắt đầu đường vẽ mới né tránh đoạn tường vừa biết.
STR_GI_DUNGEON_P2_R3T,Bounced Back To The Start Stair (S):,Văng Ngược Về Cầu Thang Xuất Phát (S):
STR_GI_DUNGEON_P2_SECTION,WALL HIT RULES,QUY TẮC ĐÂM TƯỜNG
STR_GI_DUNGEON_P2_TAB1,STEP MANAGEMENT,QUẢN LÝ BƯỚC
STR_GI_DUNGEON_P2_TAB2,WALL HITS SEND TO S,ĐÂM TƯỜNG VỀ S
STR_GI_DUNGEON_P2_TAB3,ENDLESS TRAPS,BẪY VÔ TẬN
STR_GI_DUNGEON_P2_TITLE,Wall Hits & Real Walls Revealed,Đâm Tường & Lộ Tường Thật
STR_GI_DUNGEON_P3_CTA,UNDERSTOOD • START CLIMBING,ĐÃ HIỂU • BẮT ĐẦU LEO TẦNG
STR_GI_DUNGEON_P3_LINK,Review from the start (Page 1),Xem lại từ đầu (Trang 1)
STR_GI_DUNGEON_P3_R1D,"The deeper you go, the more hidden the walls — every number demands careful thought.","Càng xuống sâu tường càng ẩn kín, đòi hỏi tính toán cẩn thận từng con số."
STR_GI_DUNGEON_P3_R1T,Pre-Drawn Walls Fade To 0%:,Tường Gợi Ý Giảm Về 0%:
STR_GI_DUNGEON_P3_R2D,Use the Memory tool to connect 2 anchor points and lock dangerous gaps before drawing.,Dùng công cụ Ghi Nhớ nối 2 điểm neo để khóa các khe nguy hiểm trước khi vẽ.
STR_GI_DUNGEON_P3_R2T,Always Mark Suspected Walls:,Luôn Đánh Dấu Tường Nghi Ngờ:
STR_GI_DUNGEON_P3_R3D,"When steps run out, revive grants +3 steps while keeping 100% of the maze & revealed walls!","Khi cạn bước, hồi sinh sẽ cộng +3 bước và giữ nguyên 100% mê cung & tường đã lộ!"
STR_GI_DUNGEON_P3_R3T,Revive On The Spot (+3 Steps):,Hồi Sinh Tại Chỗ (+3 Bước):
STR_GI_DUNGEON_P3_SECTION,DEEP CLIMB SECRETS,BÍ QUYẾT LEO SÂU
STR_GI_DUNGEON_P3_TAB1,STEP MANAGEMENT,QUẢN LÝ BƯỚC
STR_GI_DUNGEON_P3_TAB2,WALL HITS SEND TO S,ĐÂM TƯỜNG VỀ S
STR_GI_DUNGEON_P3_TAB3,ENDLESS TRAPS,BẪY VÔ TẬN
STR_GI_DUNGEON_P3_TITLE,Endless Traps & Survival Tips,Bẫy Vô Tận & Mẹo Sinh Tồn
STR_GI_FADINGINK_CHIP,FADING INK,FADING INK • MỰC PHAI
STR_GI_FADINGINK_P1_CTA,NEXT: DRY CELLS BLOCK THE WAY (2/3) ›,TIẾP THEO: Ô CẠN KHÓA ĐƯỜNG (2/3) ›
STR_GI_FADINGINK_P1_LINK,Skip guide & start playing now,Bỏ qua hướng dẫn & Vào chơi ngay
STR_GI_FADINGINK_P1_R1D,Every cell has its own ink. You may only step into cells that STILL have ink (> 0).,Mỗi ô có điểm mực riêng. Chỉ được phép bước vào các ô vẫn CÒN mực (> 0).
STR_GI_FADINGINK_P1_R1T,The Number Shows Remaining Ink:,Số Trên Ô Thể Hiện Lượng Mực Còn Lại:
STR_GI_FADINGINK_P1_R2D,Every step you take drains 1 ink from EVERY cell — whether you enter it or not!,"Mỗi bước bạn di chuyển, TẤT CẢ các ô đều bị trừ 1 mực, bất kể bạn có đi vào ô đó hay không!"
STR_GI_FADINGINK_P1_R2T,The Whole Board Fades One Tick:,Cả Bàn Cờ Cùng Phai Đi Một Nhịp:
STR_GI_FADINGINK_P1_R3D,The board is wide open; the only obstacles are cells whose ink has run dry.,Bàn cờ thông suốt; chướng ngại vật cản đường bạn duy nhất chính là các ô bị cạn sạch mực.
STR_GI_FADINGINK_P1_R3T,There Are No Walls At All:,Hoàn Toàn Không Có Bức Tường Nào:
STR_GI_FADINGINK_P1_SECTION,BASIC INK FADING RULES,QUY TẮC MỰC PHAI CƠ BẢN
STR_GI_FADINGINK_P1_TAB1,EACH MOVE: -1 INK,MỖI BƯỚC -1 MỰC
STR_GI_FADINGINK_P1_TAB2,DRY CELLS BLOCK PATHS,Ô CẠN KHÓA ĐƯỜNG
STR_GI_FADINGINK_P1_TAB3,OPTIMAL PATH & UNDO,ĐƯỜNG TỐI ƯU & UNDO
STR_GI_FADINGINK_P1_TITLE,Whole-Board Ink Fading,Cơ Chế Phai Mực Toàn Bàn
STR_GI_FADINGINK_P2_CTA,NEXT: SHORTEST PATH & UNDO (3/3) ›,TIẾP THEO: ĐƯỜNG NGẮN NHẤT & UNDO (3/3) ›
STR_GI_FADINGINK_P2_LINK,Skip guide & start playing now,Bỏ qua hướng dẫn & Vào chơi ngay
STR_GI_FADINGINK_P2_R1D,This cell survives exactly one more move. Step in now or it runs completely dry.,"Ô này chỉ tồn tại thêm đúng 1 lượt đi nữa. Nếu bạn không bước vào ngay, nó sẽ cạn sạch."
STR_GI_FADINGINK_P2_R1T,Orange-Rimmed Cells (1 Ink Left):,Cảnh Báo Ô Viền Cam (Còn 1 Mực):
STR_GI_FADINGINK_P2_R2D,The number vanishes and the cell greys out. You are blocked from entering a dry cell.,Mất hoàn toàn con số và mờ đi. Người chơi bị chặn không thể bước chân vào ô cạn mực.
STR_GI_FADINGINK_P2_R2T,0-Ink Cells Become Locked Gaps:,Ô Về 0 Biến Thành Khoảng Trống Bị Khóa:
STR_GI_FADINGINK_P2_R3D,If every surrounding cell is dry and no route to the F shaft remains • DEAD END!,Nếu các ô xung quanh đều cạn mực và không còn lối nào tới hố thang F • HẾT ĐƯỜNG ĐI!
STR_GI_FADINGINK_P2_R3T,You Lose When Every Route Is Sealed:,Thua Cuộc Khi Bị Bít Lối Đi:
STR_GI_FADINGINK_P2_SECTION,DRY INK & BLOCKED PATH RULES,QUY TẮC CẠN MỰC & KHÓA ĐƯỜNG
STR_GI_FADINGINK_P2_TAB1,EACH MOVE: -1 INK,MỖI BƯỚC -1 MỰC
STR_GI_FADINGINK_P2_TAB2,DRY CELLS BLOCK PATHS,Ô CẠN KHÓA ĐƯỜNG
STR_GI_FADINGINK_P2_TAB3,OPTIMAL PATH & UNDO,ĐƯỜNG TỐI ƯU & UNDO
STR_GI_FADINGINK_P2_TITLE,Dry Cells Block Paths & Warnings,Ô Cạn Khóa Lối & Cảnh Báo
STR_GI_FADINGINK_P3_CTA,UNDERSTOOD • START DRAWING,ĐÃ HIỂU • BẮT ĐẦU VẼ ĐƯỜNG
STR_GI_FADINGINK_P3_LINK,Review from the start (Page 1),Xem lại từ đầu (Trang 1)
STR_GI_FADINGINK_P3_R1D,"Scan the board, count the steps to F and pick the route with the fewest turns.","Nhìn bao quát bàn cờ, đếm số bước tới F và chọn tuyến đường ít ô chuyển hướng nhất."
STR_GI_FADINGINK_P3_R1T,Plan The Shortest Path First:,Tìm Đường Ngắn Nhất Trước Khi Vẽ:
STR_GI_FADINGINK_P3_R2D,Wandered into a dead end and lost the cells ahead? Undo to give that ink back.,Lỡ đi vào ngõ cụt làm ô phía trước biến mất? Undo ngay để cứu lại mực cho các ô đó.
STR_GI_FADINGINK_P3_R2T,Use Undo To Restore The Path:,Tận Dụng Undo Để Hồi Phục Đường Đi:
STR_GI_FADINGINK_P3_R3D,"This mode has no step limit, but the faster you finish, the higher you rank!","Chế độ này không giới hạn số bước, nhưng hoàn thành càng nhanh thì điểm xếp hạng càng cao!"
STR_GI_FADINGINK_P3_R3T,The Clock Still Counts:,Đồng Hồ Thời Gian Vẫn Tính Điểm:
STR_GI_FADINGINK_P3_SECTION,WINNING SECRETS,BÍ QUYẾT CHIẾN THẮNG
STR_GI_FADINGINK_P3_TAB1,EACH MOVE: -1 INK,MỖI BƯỚC -1 MỰC
STR_GI_FADINGINK_P3_TAB2,DRY CELLS BLOCK PATHS,Ô CẠN KHÓA ĐƯỜNG
STR_GI_FADINGINK_P3_TAB3,OPTIMAL PATH & UNDO,ĐƯỜNG TỐI ƯU & UNDO
STR_GI_FADINGINK_P3_TITLE,Shortest Path & Ink Recovery,Đường Ngắn & Hồi Mực
STR_GI_FOG_OF_WAR_CHIP,FOG OF WAR,FOG OF WAR • SƯƠNG MÙ
STR_GI_FOG_OF_WAR_P1_CTA,NEXT: SCOUTING STEP BY STEP (2/3) ›,TIẾP THEO: DÒ ĐƯỜNG TỪNG BƯỚC (2/3) ›
STR_GI_FOG_OF_WAR_P1_LINK,Skip guide & start scouting now,Bỏ qua hướng dẫn & Vào dò đường ngay
STR_GI_FOG_OF_WAR_P1_R1D,"You can only read clue numbers from cells directly beside you (horizontal, vertical, diagonal).","Bạn chỉ có thể đọc được manh mối số của các ô nằm ngay sát cạnh (ngang, dọc, chéo)."
STR_GI_FOG_OF_WAR_P1_R1T,Only Numbers Within 1 Cell Show:,Chỉ Thấy Số Trong Bán Kính 1 Ô:
STR_GI_FOG_OF_WAR_P1_R2D,The fog hides every number on far cells until you walk close enough.,Màn sương mù ẩn giấu toàn bộ con số của những ô phía xa cho đến khi bạn bước lại gần.
STR_GI_FOG_OF_WAR_P1_R2T,Distant Cells Stay Fully Fogged:,Các Ô Ở Xa Bị Phủ Mờ Hoàn Toàn:
STR_GI_FOG_OF_WAR_P1_R3D,Invisible walls still sit between cells — step blindly into the fog and you hit one!,Vẫn có các bức tường vô hình giữa các ô — bước bừa vào sương mù là đâm tường ngay!
STR_GI_FOG_OF_WAR_P1_R3T,Invisible Walls Still Lurk:,Tường Vô Hình Vẫn Nằm Ẩn Mình:
STR_GI_FOG_OF_WAR_P1_SECTION,FOG RULES,QUY TẮC MÀN SƯƠNG
STR_GI_FOG_OF_WAR_P1_TAB1,RADIUS-1 VISION,TẦM NHÌN BÁN KÍNH 1
STR_GI_FOG_OF_WAR_P1_TAB2,SCOUT STEP BY STEP,DÒ ĐƯỜNG TỪNG BƯỚC
STR_GI_FOG_OF_WAR_P1_TAB3,MEMORY & TIPS,GHI NHỚ & BÍ QUYẾT
STR_GI_FOG_OF_WAR_P1_TITLE,The Fog & 1-Cell Vision,Màn Sương & Tầm Nhìn 1 Ô
STR_GI_FOG_OF_WAR_P2_CTA,NEXT: ANCHOR MEMORY & TIPS (3/3) ›,TIẾP THEO: GHI NHỚ ANCHOR & BÍ QUYẾT (3/3) ›
STR_GI_FOG_OF_WAR_P2_LINK,Skip guide & start scouting now,Bỏ qua hướng dẫn & Vào dò đường ngay
STR_GI_FOG_OF_WAR_P2_R1D,Stepping onto a new cell instantly reveals the numbers of the cells touching your front.,Đặt chân tới ô mới sẽ lập tức hé lộ con số của những ô tiếp giáp phía trước mặt bạn.
STR_GI_FOG_OF_WAR_P2_R1T,Vision Moves With Every Step:,Tầm Nhìn Di Chuyển Theo Từng Bước:
STR_GI_FOG_OF_WAR_P2_R2D,"Cells beyond your vision are swallowed by fog again, so old numbers are hard to recheck.","Các ô ở xa tầm nhìn sẽ bị sương mù bao phủ trở lại, khiến bạn khó nhìn lại số cũ."
STR_GI_FOG_OF_WAR_P2_R2T,Cells Behind You Get Re-Fogged:,Ô Cũ Phía Sau Sẽ Bị Che Lại:
STR_GI_FOG_OF_WAR_P2_R3D,Dare to step into an unlit cell and you may ram a hidden wall and get bounced back to S!,"Nếu bước liều sang ô chưa sáng, bạn có thể đâm trúng tường ẩn và bị phạt văng về điểm S!"
STR_GI_FOG_OF_WAR_P2_R3T,Risk Of Hitting Invisible Walls:,Nguy Cơ Va Phải Tường Vô Hình:
STR_GI_FOG_OF_WAR_P2_SECTION,MOVING THROUGH THE FOG,QUY TẮC DI CHUYỂN TRONG SƯƠNG
STR_GI_FOG_OF_WAR_P2_TAB1,RADIUS-1 VISION,TẦM NHÌN BÁN KÍNH 1
STR_GI_FOG_OF_WAR_P2_TAB2,SCOUT STEP BY STEP,DÒ ĐƯỜNG TỪNG BƯỚC
STR_GI_FOG_OF_WAR_P2_TAB3,MEMORY & TIPS,GHI NHỚ & BÍ QUYẾT
STR_GI_FOG_OF_WAR_P2_TITLE,Scouting With Every Step,Dò Đường Theo Bước Chân
STR_GI_FOG_OF_WAR_P3_CTA,UNDERSTOOD • BEAT THE FOG,ĐÃ HIỂU • VƯỢT MÀN SƯƠNG
STR_GI_FOG_OF_WAR_P3_LINK,Review from the start (Page 1),Xem lại từ đầu (Trang 1)
STR_GI_FOG_OF_WAR_P3_R1D,Don't let fog hide the clues. Connect 2 Anchors to mark orange walls and protect yourself.,Đừng để sương mù che khuất manh mối. Nối 2 Anchor để đánh dấu tường cam bảo vệ bản thân.
STR_GI_FOG_OF_WAR_P3_R1T,Place Draft Walls While The Glow Shows:,Dựng Tường Nháp Ngay Khi Quầng Sáng Soi Thấy:
STR_GI_FOG_OF_WAR_P3_R2D,Stuck in a dead end? Tap Hint to reveal 1 correct cell.,"Khi rơi vào ngõ cụt và không đoán được bước tiếp theo, hãy dùng Gợi Ý để soi ra 1 ô đúng."
STR_GI_FOG_OF_WAR_P3_R2T,Light The Path With Hint:,Bật Đèn Bằng Nút Gợi Ý:
STR_GI_FOG_OF_WAR_P3_R3D,No step limit here. Reason calmly cell by cell and bring the route home to the F shaft!,Chế độ này không giới hạn số bước. Cứ bình tĩnh suy luận từng ô để đưa lối thoát về hố thang F!
STR_GI_FOG_OF_WAR_P3_R3T,Advance One Certain Cell At A Time:,Tiến Lên Từng Ô Một Cách Chắc Chắn:
STR_GI_FOG_OF_WAR_P3_SECTION,WINNING SECRETS,BÍ QUYẾT CHIẾN THẮNG
STR_GI_FOG_OF_WAR_P3_TAB1,RADIUS-1 VISION,TẦM NHÌN BÁN KÍNH 1
STR_GI_FOG_OF_WAR_P3_TAB2,SCOUT STEP BY STEP,DÒ ĐƯỜNG TỪNG BƯỚC
STR_GI_FOG_OF_WAR_P3_TAB3,MEMORY & TIPS,GHI NHỚ & BÍ QUYẾT
STR_GI_FOG_OF_WAR_P3_TITLE,Anchor Memory & Secrets,Ghi Nhớ Anchor & Bí Quyết
STR_GI_MINESWEEPER_CHIP,MINESWEEPER MAZE,MINESWEEPER MAZE
STR_GI_MINESWEEPER_P1_CTA,NEXT: BOMBS & ZERO ZONES (2/3) ›,TIẾP THEO: ĐẠP BOM & VÙNG SỐ 0 (2/3) ›
STR_GI_MINESWEEPER_P1_LINK,Skip guide & start sweeping now,Bỏ qua hướng dẫn & Vào dò mìn ngay
STR_GI_MINESWEEPER_P1_R1D,"That includes the 4 orthogonal cells (up, down, left, right) and the 4 diagonal corners.","Bao gồm 4 ô vuông góc (trên, dưới, trái, phải) và 4 ô góc chéo xung quanh."
STR_GI_MINESWEEPER_P1_R1T,The Number = Bombs In The 8 Neighbor Cells:,Số Trên Ô = Số Bom Trong 8 Ô Lân Cận:
STR_GI_MINESWEEPER_P1_R2D,The start cell and the finish shaft are 100% bomb-free. A bomb-free route to the exit always exists!,Ô xuất phát và hố thang đích 100% không có bom. Luôn có đường BFS không bom tới đích!
STR_GI_MINESWEEPER_P1_R2T,Start Stair (S) & Finish (F) Are Always Safe:,Cầu Thang Start (S) & Finish (F) Luôn An Toàn:
STR_GI_MINESWEEPER_P1_R3D,"Daily boards have no walls — move freely, but only into bomb-free cells. On a designer LEVEL the maze may have walls: they block steps while bombs stay hidden.","Bàn Daily không có tường — đi tự do nhưng chỉ được bước vào ô sạch bom. Ở MÀN do nhà thiết kế vẽ, mê cung CÓ THỂ có tường: tường chặn bước còn bom vẫn ẩn như cũ."
STR_GI_MINESWEEPER_P1_R3T,Walls: None In Daily · Possible In Levels:,Tường: Daily Không Có · Màn Thiết Kế Có Thể Có:
STR_GI_MINESWEEPER_P1_SECTION,BASIC MINESWEEPER RULES,QUY TẮC DÒ MÌN CƠ BẢN
STR_GI_MINESWEEPER_P1_TAB1,8-NEIGHBOR BOMB RULE,LUẬT 8 Ô BOM
STR_GI_MINESWEEPER_P1_TAB2,BOMBS & ZERO ZONES,ĐẠP BOM & VÙNG 0
STR_GI_MINESWEEPER_P1_TAB3,BOMB-SWEEPING TOOLS,CÔNG CỤ DÒ BOM
STR_GI_MINESWEEPER_P1_TITLE,8-Neighbor Mine Rules,Luật Dò Mìn 8 Ô
STR_GI_MINESWEEPER_P2_CTA,NEXT: TOOLS & FLAGGING (3/3) ›,TIẾP THEO: CÔNG CỤ DÒ BOM & CẮM CỜ (3/3) ›
STR_GI_MINESWEEPER_P2_LINK,Skip guide & start sweeping now,Bỏ qua hướng dẫn & Vào dò mìn ngay
STR_GI_MINESWEEPER_P2_R1D,The run stops immediately. You stand on the blast cell and can revive one step back.,Ván đấu dừng ngay tức khắc. Bạn đứng tại ô nổ và có thể hồi sinh lùi lại 1 bước.
STR_GI_MINESWEEPER_P2_R1T,Stepping On A Bomb:,Hậu Quả Khi Đạp Trúng Bom:
STR_GI_MINESWEEPER_P2_R2D,"If a cell shows 0, all 8 cells around it are 100% bomb-free — route through that zone!","Nếu ô có số 0, toàn bộ 8 ô kề cạnh nó 100% không có bom — hãy đi qua vùng này!"
STR_GI_MINESWEEPER_P2_R2T,Exploit Zero Cells To The Fullest:,Tận Dụng Triệt Để Các Ô Số 0:
STR_GI_MINESWEEPER_P2_R3D,Don't swipe fast; only draw into cells you are certain are safe.,Không vội vàng kéo lướt nhanh; chỉ vẽ vào các ô bạn đã chắc chắn an toàn.
STR_GI_MINESWEEPER_P2_R3T,Draw Your Line Slowly:,Kéo Nét Vẽ Chậm Rãi:
STR_GI_MINESWEEPER_P2_SECTION,PATH-SCOUTING TACTICS,CHIẾN THUẬT DÒ ĐƯỜNG
STR_GI_MINESWEEPER_P2_TAB1,8-NEIGHBOR BOMB RULE,LUẬT 8 Ô BOM
STR_GI_MINESWEEPER_P2_TAB2,BOMBS & ZERO ZONES,ĐẠP BOM & VÙNG 0
STR_GI_MINESWEEPER_P2_TAB3,BOMB-SWEEPING TOOLS,CÔNG CỤ DÒ BOM
STR_GI_MINESWEEPER_P2_TITLE,Bomb Detonation & Zero Zones,Đạp Bom Nổ & Vùng Số 0
STR_GI_MINESWEEPER_P3_CTA,UNDERSTOOD • START SWEEPING,ĐÃ HIỂU • BẮT ĐẦU DÒ MÌN
STR_GI_MINESWEEPER_P3_LINK,Review from the start (Page 1),Xem lại từ đầu (Trang 1)
STR_GI_MINESWEEPER_P3_R1D,"When a cell is certain to hold a bomb, flag it right away so a swipe can't touch it.","Khi phát hiện ô chắc chắn có bom, hãy cắm cờ khóa ô lại ngay để tránh tay quẹt trúng."
STR_GI_MINESWEEPER_P3_R1T,Flag Before You Draw:,Cắm Cờ Trước Khi Vẽ Đường:
STR_GI_MINESWEEPER_P3_R2D,Cross-check your flags against the HUD's remaining bombs so none slip past.,Đối chiếu số cờ đã cắm với số bom còn lại trên HUD để đảm bảo không bỏ sót quả nào.
STR_GI_MINESWEEPER_P3_R2T,Check The Bomb Total On The HUD:,Kiểm Tra Tổng Số Bom Trên HUD:
STR_GI_MINESWEEPER_P3_R3D,"If you step on a bomb, revive to return to the previous cell and try another direction.","Nếu lỡ đạp trúng bom, bạn có thể hồi sinh để quay lại ô ngay trước đó và thử hướng khác."
STR_GI_MINESWEEPER_P3_R3T,Revive To Take Back The Bad Step:,Hồi Sinh Rút Lại Bước Lỗi:
STR_GI_MINESWEEPER_P3_SECTION,MASTER TIPS,BÍ QUYẾT PHÁ ĐẢO
STR_GI_MINESWEEPER_P3_TAB1,8-NEIGHBOR BOMB RULE,LUẬT 8 Ô BOM
STR_GI_MINESWEEPER_P3_TAB2,BOMBS & ZERO ZONES,ĐẠP BOM & VÙNG 0
STR_GI_MINESWEEPER_P3_TAB3,BOMB-SWEEPING TOOLS,CÔNG CỤ DÒ BOM
STR_GI_MINESWEEPER_P3_TITLE,Tools & The Bomb-Count HUD,Công Cụ & HUD Đếm Bom
STR_GI_NORMAL_MAZE_CHIP,HOW TO PLAY,HƯỚNG DẪN CHƠI
STR_GI_NORMAL_MAZE_P1_CTA,NEXT: NUMBER CLUES (2/3) ›,TIẾP THEO: MANH MỐI SỐ (2/3) ›
STR_GI_NORMAL_MAZE_P1_LINK,Skip guide & start playing now,Bỏ qua hướng dẫn & Vào chơi ngay
STR_GI_NORMAL_MAZE_P1_R1D,"Touch the center of the S stair cell, then keep dragging across cells to draw your line.","Đặt ngón tay vào tâm ô Cầu Thang S, kéo liên tục qua các ô để vẽ đường."
STR_GI_NORMAL_MAZE_P1_R1T,Connect The Start Stair To The Finish Hole:,Nối Cầu Thang Xuất Phát tới Hố Đích:
STR_GI_NORMAL_MAZE_P1_R2D,Hitting a hidden wall between 2 cells ends the run instantly!,Đâm phải tường ẩn giữa 2 ô sẽ bị Game Over ngay lập tức!
STR_GI_NORMAL_MAZE_P1_R2T,Beware Invisible Walls:,Cảnh giác Tường Vô Hình:
STR_GI_NORMAL_MAZE_P1_R3D,A cell's number tells how many of its sides hide walls (more on Page 2).,Con số trên ô cho biết số cạnh xung quanh có tường (xem tiếp ở Trang 2).
STR_GI_NORMAL_MAZE_P1_R3T,Lean On The Number Clues:,Dựa vào manh mối các con số:
STR_GI_NORMAL_MAZE_P1_SECTION,RULES TO REMEMBER,QUY TẮC CẦN NHỚ
STR_GI_NORMAL_MAZE_P1_TAB1,START & FINISH,BẮT ĐẦU & ĐÍCH
STR_GI_NORMAL_MAZE_P1_TAB2,NUMBER CLUES,MANH MỐI SỐ
STR_GI_NORMAL_MAZE_P1_TAB3,TOOLS,CÔNG CỤ
STR_GI_NORMAL_MAZE_P1_TITLE,Clearing The Maze,Cách Vượt Mê Cung
STR_GI_NORMAL_MAZE_P2_CTA,NEXT: SUPPORT TOOLS (3/3) ›,TIẾP THEO: CÁC CÔNG CỤ HỖ TRỢ (3/3) ›
STR_GI_NORMAL_MAZE_P2_LINK,Skip guide & start playing now,Bỏ qua hướng dẫn & Vào chơi ngay
STR_GI_NORMAL_MAZE_P2_R1D,The number counts how many sides of that cell hide an invisible wall.,Con số thể hiện số cạnh trong bảng là tường vô hình của ô đó.
STR_GI_NORMAL_MAZE_P2_R1T,What The Number Means (0 to 3):,Ý Nghĩa Con Số (0 đến 3):
STR_GI_NORMAL_MAZE_P2_R2D,"A 0 cell has no walls at all — the safest, fully open passage.","Ô số 0 không có bất kỳ tường nào, là lối đi thông suốt an toàn nhất."
STR_GI_NORMAL_MAZE_P2_R2T,Prefer Walking Through 0 Cells:,Ưu Tiên Đi Qua Ô Số 0:
STR_GI_NORMAL_MAZE_P2_R3D,Many walls surround them — compare with neighboring cells to avoid wall hits!,"Có nhiều tường bao quanh, cần so sánh với các ô bên cạnh để tránh đâm tường!"
STR_GI_NORMAL_MAZE_P2_R3T,Take Care With 2s & 3s:,Cẩn Thận Ô Số 2 & Số 3:
STR_GI_NORMAL_MAZE_P2_SECTION,NUMBER RULES,QUY TẮC CON SỐ
STR_GI_NORMAL_MAZE_P2_TAB1,START & FINISH,BẮT ĐẦU & ĐÍCH
STR_GI_NORMAL_MAZE_P2_TAB2,NUMBER CLUES,MANH MỐI SỐ
STR_GI_NORMAL_MAZE_P2_TAB3,TOOLS,CÔNG CỤ
STR_GI_NORMAL_MAZE_P2_TITLE,Number Clues,Manh Mối Con Số
STR_GI_NORMAL_MAZE_P3_CTA,UNDERSTOOD • START PLAYING,ĐÃ HIỂU • BẮT ĐẦU CHƠI
STR_GI_NORMAL_MAZE_P3_LINK,Review from the start (Page 1),Xem lại từ đầu (Trang 1)
STR_GI_NORMAL_MAZE_P3_R1D,Don't draw right away — connect Anchors to seal the dangerous gaps first.,Chưa vội vẽ đường ngay — hãy nối các Anchor để bịt các khe nguy hiểm trước.
STR_GI_NORMAL_MAZE_P3_R1T,Observe & Mark Walls First:,Quan Sát & Đánh Dấu Tường Trước:
STR_GI_NORMAL_MAZE_P3_R2D,Drag the ink line cell by cell from the Start stair to Finish along the opened path.,Kéo nét mực từng ô một từ Cầu thang Start sang Finish theo lối đã mở.
STR_GI_NORMAL_MAZE_P3_R2T,Draw Slowly & Surely:,Vẽ Chậm Rãi & Chắc Chắn:
STR_GI_NORMAL_MAZE_P3_R3D,Clear all 3 Missions on the HUD to collect all 3 Stars and unlock the next Chapter!,Hoàn thành cả 3 Nhiệm Vụ trên bảng HUD để gom trọn vẹn 3 Sao mở Chương mới!
STR_GI_NORMAL_MAZE_P3_R3T,Earn 3 Stars Per Level:,Đạt 3 Sao Mỗi Màn:
STR_GI_NORMAL_MAZE_P3_SECTION,WINNING SECRETS,BÍ QUYẾT CHIẾN THẮNG
STR_GI_NORMAL_MAZE_P3_TAB1,START & FINISH,BẮT ĐẦU & ĐÍCH
STR_GI_NORMAL_MAZE_P3_TAB2,NUMBER CLUES,MANH MỐI SỐ
STR_GI_NORMAL_MAZE_P3_TAB3,TOOLS,CÔNG CỤ
STR_GI_NORMAL_MAZE_P3_TITLE,Helper Tools,Công Cụ Trợ Giúp
STR_GI_ONE_STROKE_CHIP,ONE STROKE • ONE LINE,ONE STROKE • MỘT NÉT
STR_GI_ONE_STROKE_P1_CTA,NEXT: NO RE-ENTERING OLD CELLS (2/3) ›,TIẾP THEO: CẤM ĐI LẠI Ô CŨ (2/3) ›
STR_GI_ONE_STROKE_P1_LINK,Skip the guide & start drawing now,Bỏ qua hướng dẫn & Vào vẽ một nét ngay
STR_GI_ONE_STROKE_P1_R1D,Every wall shows up front — the whole mission is the order of your steps to cover the board.,Mọi vách ngăn đều hiện sẵn. Toàn bộ nhiệm vụ là tìm thứ tự đi bao phủ trọn vẹn bàn cờ.
STR_GI_ONE_STROKE_P1_R1T,"Walls Are Visible, No Numbers At All:","Tường Nhìn Thấy Rõ, Hoàn Toàn Không Có Số:"
STR_GI_ONE_STROKE_P1_R2D,The stroke must fill 100% of the board — no cell may be left empty before you finish.,"Nét vẽ phải lấp đầy 100% diện tích, không được bỏ trống bất kỳ một ô nào trước khi về đích."
STR_GI_ONE_STROKE_P1_R2T,You Must Visit Every Cell On The Board:,Phải Đi Hết Tất Cả Các Ô Thuộc Bàn Cờ:
STR_GI_ONE_STROKE_P1_R3D,Touching F while empty cells remain is blocked — F must be the very last cell of your stroke!,Chạm vào F khi vẫn còn ô trống chưa đi sẽ bị chặn lại — F phải là ô cuối cùng của nét vẽ!
STR_GI_ONE_STROKE_P1_R3T,The Finish Hole (F) Is The Last Stop:,Hố Thang Finish (F) Là Điểm Dừng Chân Cuối:
STR_GI_ONE_STROKE_P1_SECTION,ONE-STROKE RULES,QUY TẮC MỘT NÉT KÍN TRANG
STR_GI_ONE_STROKE_P1_TAB1,COVER EVERY CELL,PHỦ KÍN MỌI Ô
STR_GI_ONE_STROKE_P1_TAB2,NO RE-ENTERING OLD CELLS,CẤM ĐI LẠI Ô CŨ
STR_GI_ONE_STROKE_P1_TAB3,REACH F & UNDO,CHẠM ĐÍCH F & UNDO
STR_GI_ONE_STROKE_P1_TITLE,Draw One Stroke Covering Every Cell,Vẽ 1 Nét Phủ Kín Mọi Ô
STR_GI_ONE_STROKE_P2_CTA,NEXT: REACHING F & UNDO (3/3) ›,TIẾP THEO: CHẠM ĐÍCH F & UNDO (3/3) ›
STR_GI_ONE_STROKE_P2_LINK,Skip the guide & start drawing now,Bỏ qua hướng dẫn & Vào vẽ một nét ngay
STR_GI_ONE_STROKE_P2_R1D,A visited cell locks forever. Drawing back over your own trail • Game Over instantly!,Ô đã đi qua sẽ bị khóa vĩnh viễn. Cố tình kéo nét vẽ đè vào đường cũ • Game Over ngay!
STR_GI_ONE_STROKE_P2_R1T,Stepping On An Old Cell = Instant Loss:,Đi Vào Ô Cũ = Thua Ngay Lập Tức:
STR_GI_ONE_STROKE_P2_R2D,Don't slice the board in half across empty cells — you can never come back for the ones left behind.,"Đừng đi vắt ngang bàn cờ chia đôi ô trống, vì bạn sẽ không thể quay lại đón các ô bị bỏ lại."
STR_GI_ONE_STROKE_P2_R2T,Avoid Cut-Off Traps That Isolate Cells:,Tránh Bẫy Cắt Ngang Làm Cô Lập Ô:
STR_GI_ONE_STROKE_P2_R3D,"If the way ahead is a dead end, don't force it — use Undo instead (see Page 3).","Nếu nhận ra phía trước là đường cùng, đừng cố đi liều — hãy dùng Undo (xem Trang 3)."
STR_GI_ONE_STROKE_P2_R3T,Stop When The Path Runs Dead:,Dừng Lại Khi Bị Cụt Đường:
STR_GI_ONE_STROKE_P2_SECTION,SURVIVAL RULES,QUY TẮC SỐNG CÒN
STR_GI_ONE_STROKE_P2_TAB1,COVER EVERY CELL,PHỦ KÍN MỌI Ô
STR_GI_ONE_STROKE_P2_TAB2,NO RE-ENTERING OLD CELLS,CẤM ĐI LẠI Ô CŨ
STR_GI_ONE_STROKE_P2_TAB3,REACH F & UNDO,CHẠM ĐÍCH F & UNDO
STR_GI_ONE_STROKE_P2_TITLE,Never Re-Enter A Cell,Cấm Đi Lại Đường Đã Qua
STR_GI_ONE_STROKE_P3_CTA,GOT IT • START THE ONE STROKE,ĐÃ HIỂU • BẮT ĐẦU VẼ MỘT NÉT
STR_GI_ONE_STROKE_P3_LINK,Review from the start (Page 1),Xem lại từ đầu (Trang 1)
STR_GI_ONE_STROKE_P3_R1D,Watch the HUD progress bar: only at 100% coverage may you lead the stroke into the finish hole F.,Kiểm tra thanh tiến độ trên HUD: Phải đạt 100% số ô rồi mới được dẫn nét vẽ vào hố thang F.
STR_GI_ONE_STROKE_P3_R1T,Step Into F Only On Your Final Move:,Chỉ Bước Vào F Ở Nước Đi Cuối Cùng:
STR_GI_ONE_STROKE_P3_R2D,Took a wrong branch? Tap Undo to step back and reopen the cells you just crossed — with no risk of a Game Over.,Lỡ đi sai nhánh? Bấm Undo để lùi bước và mở lại các ô vừa đi mà không lo bị Game Over.
STR_GI_ONE_STROKE_P3_R2T,Use Undo In Time To Reopen Cells:,Dùng Undo Kịp Thời Để Mở Lại Ô:
STR_GI_ONE_STROKE_P3_R3D,"The Hint button points out the next correct cell, or warns you when the branch you are on is completely dead.","Nút Gợi Ý sẽ chỉ ra 1 ô đúng kế tiếp, hoặc cảnh báo nếu nhánh bạn đang đi đã hoàn toàn bế tắc."
STR_GI_ONE_STROKE_P3_R3T,Use Hint When You Lose Your Way:,Dùng Gợi Ý (Hint) Khi Mất Hướng:
STR_GI_ONE_STROKE_P3_SECTION,MASTER TIPS,BÍ QUYẾT PHÁ ĐẢO
STR_GI_ONE_STROKE_P3_TAB1,COVER EVERY CELL,PHỦ KÍN MỌI Ô
STR_GI_ONE_STROKE_P3_TAB2,NO RE-ENTERING OLD CELLS,CẤM ĐI LẠI Ô CŨ
STR_GI_ONE_STROKE_P3_TAB3,REACH F & UNDO,CHẠM ĐÍCH F & UNDO
STR_GI_ONE_STROKE_P3_TITLE,Reach F & Use Undo,Chạm Đích F & Dùng Undo
STR_GI_PAGE_INDEX,PAGE {0} / {1},TRANG {0} / {1}
STR_GI_SUMPATH_CHIP,SUM PATH,SUM PATH • TOÁN ĐỐ
STR_GI_SUMPATH_P1_CTA,NEXT: OPERATORS & ONE-TIME CELLS (2/3) ›,TIẾP THEO: TOÁN TỬ & Ô 1 LẦN (2/3) ›
STR_GI_SUMPATH_P1_LINK,Skip guide & start scoring now,Bỏ qua hướng dẫn & Vào cộng điểm ngay
STR_GI_SUMPATH_P1_R1D,"No walls, no hidden bombs. Every cell on the board is simply a score value.","Không có tường chắn, không có bom ẩn. Mỗi ô trên bàn cờ đóng vai trò là một điểm số."
STR_GI_SUMPATH_P1_R1T,The Number Is The Cell's Score (1 to 9):,Con Số Là Điểm Số Của Ô (1 đến 9):
STR_GI_SUMPATH_P1_R2D,"Each time your line enters a new cell, its value is added straight to the Current Total card.","Mỗi khi nét vẽ kéo sang ô mới, điểm ô đó sẽ lập tức được cộng dồn vào thẻ Tổng Hiện Tại."
STR_GI_SUMPATH_P1_R2T,Values Add Up Continuously:,Cộng Dồn Liên Tục Vào Tổng Điểm:
STR_GI_SUMPATH_P1_R3D,You only win by touching the Finish hole F with a Total that satisfies the required math.,Chỉ chiến thắng khi bạn chạm Hố Thang Đích F với Tổng Điểm thỏa mãn đúng phép tính yêu cầu.
STR_GI_SUMPATH_P1_R3T,Reach The Exit With The Exact Target:,Chạm Đích Khớp Đúng Mục Tiêu:
STR_GI_SUMPATH_P1_SECTION,BASIC SUMMING RULES,QUY TẮC CỘNG TỔNG CƠ BẢN
STR_GI_SUMPATH_P1_TAB1,SUMS & TARGETS,CỘNG TỔNG & MỤC TIÊU
STR_GI_SUMPATH_P1_TAB2,OPERATORS & ONE-TIME CELLS,TOÁN TỬ & Ô 1 LẦN
STR_GI_SUMPATH_P1_TAB3,MATH TIPS & UNDO,BÍ QUYẾT TÍNH & UNDO
STR_GI_SUMPATH_P1_TITLE,The Sum-Adding Puzzle,Bài Toán Cộng Tổng Điểm
STR_GI_SUMPATH_P2_CTA,NEXT: TACTICS & UNDO (3/3) ›,TIẾP THEO: CHIẾN THUẬT & UNDO (3/3) ›
STR_GI_SUMPATH_P2_LINK,Skip guide & start scoring now,Bỏ qua hướng dẫn & Vào cộng điểm ngay
STR_GI_SUMPATH_P2_R1D,"With =, the total must match exactly. With < or >, the total just needs to land in the valid range.","Với dấu =, tổng phải khớp tuyệt đối. Với dấu < hoặc >, chỉ cần tổng nằm trong khoảng hợp lệ."
STR_GI_SUMPATH_P2_R1T,"Watch The Operator (=, <, >):","Để Ý Ký Hiệu Toán Tử (=, <, >):"
STR_GI_SUMPATH_P2_R2D,"You may cross an old cell to change direction, but it adds no extra points.","Bạn có thể vẽ đường giao cắt ô cũ để chuyển hướng, nhưng điểm ô đó sẽ không được cộng thêm."
STR_GI_SUMPATH_P2_R2T,Each Cell Scores Only Once:,Mỗi Ô Chỉ Tính Điểm Một Lần:
STR_GI_SUMPATH_P2_R3D,"Touching the F shaft is not enough — if the total fails the math, the level is not over!",Dù bạn chạm được hố thang F nhưng tổng điểm không thỏa mãn phép tính thì màn chơi chưa kết thúc!
STR_GI_SUMPATH_P2_R3T,Wrong Total At The Exit = Failure:,Về Đích Sai Mục Tiêu = Thất Bại:
STR_GI_SUMPATH_P2_SECTION,TARGET & CELL-SCORE RULES,QUY TẮC MỤC TIÊU & ĐIỂM Ô
STR_GI_SUMPATH_P2_TAB1,SUMS & TARGETS,CỘNG TỔNG & MỤC TIÊU
STR_GI_SUMPATH_P2_TAB2,OPERATORS & ONE-TIME CELLS,TOÁN TỬ & Ô 1 LẦN
STR_GI_SUMPATH_P2_TAB3,MATH TIPS & UNDO,BÍ QUYẾT TÍNH & UNDO
STR_GI_SUMPATH_P2_TITLE,Operators & One-Time Cells,Toán Tử & Ô Điểm 1 Lần
STR_GI_SUMPATH_P3_CTA,UNDERSTOOD • START SCORING,ĐÃ HIỂU • BẮT ĐẦU CỘNG ĐIỂM
STR_GI_SUMPATH_P3_LINK,Review from the start (Page 1),Xem lại từ đầu (Trang 1)
STR_GI_SUMPATH_P3_R1D,Each level guarantees at least one perfect route that satisfies the target operator.,Mỗi màn đều đảm bảo có ít nhất một đường đi hoàn hảo thỏa mãn đúng toán tử mục tiêu.
STR_GI_SUMPATH_P3_R1T,Every Board Has At Least 1 Correct Solution:,Bản Cờ Luôn Có Ít Nhất 1 Nghiệm Đúng:
STR_GI_SUMPATH_P3_R2D,"If a big cell pushes the total past the target, just Undo back and the points come off.","Nếu lỡ bước vào ô số to khiến tổng vượt quá mục tiêu, chỉ cần Undo lùi lại để trừ điểm ra."
STR_GI_SUMPATH_P3_R2T,Use Undo To Recover Overshoot:,Dùng Undo Để Thu Hồi Điểm Lố:
STR_GI_SUMPATH_P3_R3D,No step limit — the quickest mental math and earliest finish earns the top rank!,Game không giới hạn số bước — người nhẩm tính nhanh và về đích sớm nhất sẽ đạt hạng cao!
STR_GI_SUMPATH_P3_R3T,Race To Solve Fastest:,Đua Tốc Độ Phá Giải:
STR_GI_SUMPATH_P3_SECTION,MATH SECRETS,BÍ QUYẾT TÍNH TOÁN
STR_GI_SUMPATH_P3_TAB1,SUMS & TARGETS,CỘNG TỔNG & MỤC TIÊU
STR_GI_SUMPATH_P3_TAB2,OPERATORS & ONE-TIME CELLS,TOÁN TỬ & Ô 1 LẦN
STR_GI_SUMPATH_P3_TAB3,MATH TIPS & UNDO,BÍ QUYẾT TÍNH & UNDO
STR_GI_SUMPATH_P3_TITLE,Tactics & Undo Fixes,Chiến Thuật & Undo Sửa Sai
STR_GI_WALL_BUILDER_CHIP,WALL BUILDER • BUILD THE MAZE,WALL BUILDER • XÂY TƯỜNG
STR_GI_WALL_BUILDER_P1_CTA,NEXT: SUBMIT & 3 TRIES (2/3) ›,TIẾP THEO: NÚT GỬI & 3 LƯỢT (2/3) ›
STR_GI_WALL_BUILDER_P1_LINK,Skip the guide & start building now,Bỏ qua hướng dẫn & Vào xây tường ngay
STR_GI_WALL_BUILDER_P1_R1D,"No character to move, no S and no F — you are the one who rebuilds the maze.","Không có nhân vật di chuyển, không có S và F. Bạn chính là người phục dựng lại mê cung."
STR_GI_WALL_BUILDER_P1_R1T,The Only Mode Where You Build The Walls:,Chế Độ Duy Nhất Tự Xây Tường:
STR_GI_WALL_BUILDER_P1_R2D,Touch and drag from one plus (+) to the next one to toggle a single wall segment on or off.,Chạm và kéo từ dấu cộng (+) này sang dấu cộng kề bên để bật hoặc tắt 1 đoạn tường.
STR_GI_WALL_BUILDER_P1_R2T,Drag Between Two Anchors To Place A Wall:,Kéo Giữa 2 Điểm Neo (Anchor) Để Tạo Tường:
STR_GI_WALL_BUILDER_P1_R3D,Only edges inside the board count — the outer border is a fixed wall you cannot draw and it is never counted.,"Chỉ đếm các cạnh bên trong board (viền ngoài board là tường cố định, không vẽ được và không tính)."
STR_GI_WALL_BUILDER_P1_R3T,The Number Shows How Many Walls Touch That Cell:,Số Trên Ô Là Số Tường Quanh Ô:
STR_GI_WALL_BUILDER_P1_SECTION,WALL BUILDING BASICS,QUY TẮC XÂY TƯỜNG CƠ BẢN
STR_GI_WALL_BUILDER_P1_TAB1,CONNECT WALLS BY THE NUMBERS,NỐI TƯỜNG THEO SỐ
STR_GI_WALL_BUILDER_P1_TAB2,SUBMIT & 3 TRIES,NÚT GỬI & 3 LƯỢT
STR_GI_WALL_BUILDER_P1_TAB3,TIPS & HINTS,BÍ QUYẾT & GỢI Ý
STR_GI_WALL_BUILDER_P1_TITLE,Become The Maze Builder,Đóng Vai Thợ Xây Mê Cung
STR_GI_WALL_BUILDER_P2_CTA,NEXT: ZERO-CELL TRICKS & HINTS (3/3) ›,TIẾP THEO: BÍ QUYẾT Ô SỐ 0 & GỢI Ý (3/3) ›
STR_GI_WALL_BUILDER_P2_LINK,Skip the guide & start building now,Bỏ qua hướng dẫn & Vào xây tường ngay
STR_GI_WALL_BUILDER_P2_R1D,"Watch the counter on the HUD — once you have as many segments as required, the Submit button is ready.","Theo dõi thanh đếm trên HUD. Khi đạt đủ số đoạn tường quy định, nút Gửi sẽ sẵn sàng."
STR_GI_WALL_BUILDER_P2_R1T,Build Exactly The Required Number Of Walls:,Dựng Đủ Số Đoạn Tường Trước Khi Nộp:
STR_GI_WALL_BUILDER_P2_R2D,Every submit that does not match the numbers costs 1 try and shakes the board.,"Mỗi lần nộp mà cấu hình tường chưa khớp với số ô, bạn sẽ bị trừ 1 lượt chơi và rung bàn cờ."
STR_GI_WALL_BUILDER_P2_R2T,You Only Get 3 Submits ( 3/3):,Chỉ Có 3 Lần Gửi Bài ( 3/3):
STR_GI_WALL_BUILDER_P2_R3D,"If all 3 submits are gone and the answer is still wrong, watch the Revive ad to gain +1 more try.","Nếu cạn cả 3 lượt gửi mà vẫn chưa đúng, bạn phải xem quảng cáo Hồi Sinh để nhận thêm +1 lượt."
STR_GI_WALL_BUILDER_P2_R3T,Out Of Submits = Defeat:,Hết 3 Lượt Gửi = Thua Cuộc:
STR_GI_WALL_BUILDER_P2_SECTION,SCORING & SUBMIT RULES,QUY TẮC CHẤM ĐIỂM & LƯỢT GỬI
STR_GI_WALL_BUILDER_P2_TAB1,CONNECT WALLS BY THE NUMBERS,NỐI TƯỜNG THEO SỐ
STR_GI_WALL_BUILDER_P2_TAB2,SUBMIT & 3 TRIES,NÚT GỬI & 3 LƯỢT
STR_GI_WALL_BUILDER_P2_TAB3,TIPS & HINTS,BÍ QUYẾT & GỢI Ý
STR_GI_WALL_BUILDER_P2_TITLE,The Submit Button & 3 Tries,Nút Gửi Bài & 3 Lượt Nộp
STR_GI_WALL_BUILDER_P3_CTA,GOT IT • START BUILDING,ĐÃ HIỂU • BẮT ĐẦU XÂY TƯỜNG
STR_GI_WALL_BUILDER_P3_LINK,Review from the start (Page 1),Xem lại từ đầu (Trang 1)
STR_GI_WALL_BUILDER_P3_R1D,A 0 cell has no walls at all — all four of its edges must stay open.,Ô số 0 không thể có tường. Bạn biết chắc 4 cạnh quanh nó phải để trống thông suốt.
STR_GI_WALL_BUILDER_P3_R1T,Eliminate Every Gap Around A 0 Cell:,Loại Trừ Các Khe Quanh Ô Số 0:
STR_GI_WALL_BUILDER_P3_R2D,"A 2 on an edge has only 3 inner sides, and a 3 in the middle has very few layouts • deduce those first.",Ô số 2 ở cạnh chỉ có 3 cạnh trong; ô số 3 ở giữa rất ít phương án đặt tường • Dễ suy ra trước.
STR_GI_WALL_BUILDER_P3_R2T,Lock Down Corner Cells And High Numbers:,Xác Định Ô Góc & Cạnh Có Số Lớn:
STR_GI_WALL_BUILDER_P3_R3D,"When stuck, tap Hint to reveal one true wall from the original solution — it unlocks the whole board.","Khi bế tắc, bấm Gợi Ý để hiện 1 đoạn tường đúng của nghiệm gốc, giúp mở khóa toàn bộ bàn cờ."
STR_GI_WALL_BUILDER_P3_R3T,Pin One Wall With The Hint Button:,Khóa Chết 1 Tường Nhờ Nút Gợi Ý:
STR_GI_WALL_BUILDER_P3_SECTION,BUILD-IT-RIGHT TIPS,BÍ QUYẾT XÂY TƯỜNG CHUẨN XÁC
STR_GI_WALL_BUILDER_P3_TAB1,CONNECT WALLS BY THE NUMBERS,NỐI TƯỜNG THEO SỐ
STR_GI_WALL_BUILDER_P3_TAB2,SUBMIT & 3 TRIES,NÚT GỬI & 3 LƯỢT
STR_GI_WALL_BUILDER_P3_TAB3,TIPS & HINTS,BÍ QUYẾT & GỢI Ý
STR_GI_WALL_BUILDER_P3_TITLE,Zero-Cell Tricks & Hints,Bí Quyết Ô Số 0 & Gợi Ý
STR_GI_X001,START,XUẤT PHÁT
STR_GI_X002,A stair that lights the way,Cầu thang rọi sáng
STR_GI_X003,FINISH HOLE (F),HỐ ĐÍCH (F)
STR_GI_X004,The shaft that leads down,Thang xuống sâu
STR_GI_X005,DRAG BETWEEN CELL CENTERS,KÉO NỐI TÂM Ô
STR_GI_X006,Start at the Upstairs Stair • Follow the safe path • Down to the Finish Shaft,Bắt đầu từ Cầu Thang Trên Lầu • Đi theo đường an toàn • Xuống Hố Thang Đích
STR_GI_X007,A 0 CELL = SAFE,Ô SỐ 0 = AN TOÀN
STR_GI_X008,NO WALLS,KHÔNG CÓ TƯỜNG
STR_GI_X009,Move through freely in any direction,Tự do đi qua theo mọi hướng
STR_GI_X010,A 3 CELL = 3 WALLS,Ô SỐ 3 = 3 TƯỜNG
STR_GI_X011,3 SIDES SEALED,BỊ BỊT KÍN 3 MẶT
STR_GI_X012,Only 1 side left to escape,Chỉ có 1 cạnh duy nhất để thoát
STR_GI_X013,Reason like Minesweeper: use the numbers to pinpoint which gaps hide Invisible Walls,Suy luận như Dò Mìn: Dùng con số để xác định khe nào có Tường Vô Hình
STR_GI_X014,TOOL: MEMORY,CÔNG CỤ: GHI NHỚ
STR_GI_X015,Mark Suspected Walls,Đánh dấu Tường Nghi Ngờ
STR_GI_X016,Drag between the 2 plus signs (+) at cell corners to build,Kéo giữa 2 dấu cộng (+) ở góc ô để tự dựng
STR_GI_X017,a draft orange wall so you never hit the wrong one!,"tường cam nháp, giúp không bao giờ đâm nhầm!"
STR_GI_X018,UNDO,HOÀN TÁC
STR_GI_X019,Rewind 1 step,Lùi lại 1 bước
STR_GI_X020,Drew into a dead end? Tap,Lỡ vẽ sai vào ngõ cụt? Bấm
STR_GI_X021,Undo to safely pull the line back.,Undo để rút lại nét vẽ an toàn.
STR_GI_X022,HINT,GỢI Ý
STR_GI_X023,Reveal 1 safe step,Mở 1 bước an toàn
STR_GI_X024,Facing a brutal position? Light up,Gặp thế cờ quá khó? Soi sáng
STR_GI_X025,the next correct stretch right away.,ngay 1 đoạn đường đúng đắn.
STR_GI_X026,Mix Draw Line + Wall Memory cleverly to crack every puzzle on the island!,Kết hợp linh hoạt Vẽ Đường + Ghi Nhớ Tường để phá đảo mọi câu đố!
STR_GI_X027,STEPS REMAINING,SỐ BƯỚC CÒN LẠI
STR_GI_X028,STEPS,BƯỚC
STR_GI_X029,CURRENT FLOOR,TẦNG HIỆN TẠI
STR_GI_X030,TIME,THỜI GIAN
STR_GI_X031,EVERY MOVE,MỖI BƯỚC ĐI
STR_GI_X032,-1 STEP,-1 BƯỚC
STR_GI_X033,Out of steps = LOSS,Hết bước = THUA
STR_GI_X034,REACH THE F SHAFT,CHẠM HỐ ĐÍCH F
STR_GI_X035,+5 STEPS!,+5 BƯỚC!
STR_GI_X036,Descend To Floor 05,Xuống Tầng 05
STR_GI_X037,Shorter routes leave more spare steps for conquering deeper floors!,Đi đường càng ngắn thì bước dư càng nhiều để chinh phục các tầng sâu hơn!
STR_GI_X038,A REAL WALL REVEALED!,TƯỜNG THẬT ĐÃ LỘ!
STR_GI_X039,A bold dark line,Nét đen đậm
STR_GI_X040,that never fades,Không biến mất
STR_GI_X041,IMPACT RESULT,HẬU QUẢ VA CHẠM
STR_GI_X042,-1 STEP,-1 BƯỚC ĐI
STR_GI_X043,Bounced back to S,Văng ngược về S
STR_GI_X044,Don't fear wall hits! Trading 1 step is how the map reveals its real clues.,Đừng sợ đâm tường! Đâm tường là cách hy sinh 1 bước để bản đồ lộ ra manh mối thật.
STR_GI_X045,EARLY FLOORS (1 - 3),TẦNG ĐẦU (TẦNG 1 - 3)
STR_GI_X046,PRE-DRAWN WALLS REMAIN,CÒN TƯỜNG VẼ SẴN
STR_GI_X047,Easier to picture the way out,Dễ hình dung lối thoát
STR_GI_X048,Wall reveal ratio: 40% ~ 60%,Tỉ lệ tường lộ: 40% ~ 60%
STR_GI_X049,DEEP FLOORS (5 AND BEYOND),TẦNG SÂU (TẦNG 5 TRỞ ĐI)
STR_GI_X050,100% INVISIBLE WALLS!,100% TƯỜNG VÔ HÌNH!
STR_GI_X051,Use Memory to link Anchors,Dùng Ghi Nhớ nối Anchor
STR_GI_X052,and build draft walls first,để tự dựng tường nháp trước
STR_GI_X053,The deeper you go the fewer free walls you get — link Anchors before you draw!,Càng lên cao tường sẵn càng biến mất — hãy nối Anchor trước khi đặt bút vẽ đường!
STR_GI_X054,THE NUMBER IN THE CENTER,CON SỐ Ở GIỮA
STR_GI_X055,A 1 = 1 BOMB,SỐ 1 = 1 BOM
STR_GI_X056,Among the 8 surrounding cells,Trong 8 ô xung quanh
STR_GI_X057,(diagonals included!),(tính cả góc chéo!)
STR_GI_X058,A BOMB IS HERE,VỊ TRÍ CÓ BOM
STR_GI_X059,STAY AWAY!,TRÁNH XA!
STR_GI_X060,Stepping on a bomb,Đạp trúng bom
STR_GI_X061,= INSTANT LOSS,= THUA NGAY
STR_GI_X062,"Unlike normal mazes: the number counts bombs in the 8 neighboring cells (horizontal, vertical AND diagonal)!","Khác với mê cung thường: Số chỉ bom trong 8 ô lân cận (ngang, dọc VÀ chéo)!"
STR_GI_X063,STEPPED ON A BOMB,ĐẠP PHẢI BOM
STR_GI_X064,INSTANT LOSS ON THE SPOT!,THUA NGAY TẠI CHỖ!
STR_GI_X065,Your piece stops on the blast cell,Nhân vật dừng ngay tại ô nổ
STR_GI_X066,(no bounce back to S like Dungeon),(Không văng về S như Dungeon)
STR_GI_X067,THE ZERO ZONE,VÙNG Ô SỐ 0
STR_GI_X068,ALL 8 CELLS ARE BOMB-FREE!,CẢ 8 Ô ĐỀU SẠCH BOM!
STR_GI_X069,Confidently step onto any cell,Tự tin bước qua bất kỳ ô nào
STR_GI_X070,that touches a 0 cell,đang tiếp giáp với ô số 0
STR_GI_X071,Hunt for 0 cells first — they are the key that flings open a safe path!,Hãy tìm các ô số 0 trước tiên — đó là chìa khóa mở toang lối đi an toàn!
STR_GI_X072,BOMBS LEFT ON THE BOARD,BOM CÒN LẠI TRÊN BÀN
STR_GI_X073,2 found • 3 still hidden,Đã phát hiện 2 quả • Còn 3 quả ẩn giấu
STR_GI_X074,FLAG A CELL LOCKED,CẮM CỜ KHÓA Ô
STR_GI_X075,Guards against mis-taps,Chống bấm nhầm
STR_GI_X076,Use the Memory button to flag,Dùng nút Ghi Nhớ để cắm cờ
STR_GI_X077,cells you suspect of hiding bombs.,vào ô bạn nghi là có bom.
STR_GI_X078,A flagged cell is safely locked!,Ô cắm cờ sẽ bị khóa an toàn!
STR_GI_X079,Back up 1 step safely,Lùi 1 bước an toàn
STR_GI_X080,Stepped into a dangerous cell?,Lỡ bước nhầm ô nguy hiểm?
STR_GI_X081,Tap Undo to instantly back out,Bấm Undo để lùi lại ngay lập tức
STR_GI_X082,before it turns into a mistake.,trước khi dẫn đến sai lầm.
STR_GI_X083,Keep an eye on the Bomb HUD card to know when every bomb is isolated!,Luôn để mắt tới thẻ HUD Bom để biết mình đã cô lập hết bom trên bàn chưa!
STR_GI_X084,CURRENT TOTAL,TỔNG HIỆN TẠI
STR_GI_X085,(over 3 cells),(qua 3 ô)
STR_GI_X086,TARGET TO HIT,MỤC TIÊU PHẢI ĐẠT
STR_GI_X087,NEED +32 MORE,CẦN THÊM +32
STR_GI_X088,RUNNING SCORE,CỘNG DỒN ĐIỂM
STR_GI_X089,= 18 POINTS,= 18 ĐIỂM
STR_GI_X090,Every step counts!,Cộng mỗi bước đi!
STR_GI_X091,FREE MOVEMENT,ĐI TỰ DO
STR_GI_X092,Draw in any direction,Vẽ hướng nào cũng
STR_GI_X093,with no fear of dying!,không sợ đâm chết!
STR_GI_X094,Every cell you drag through adds to the Total. The exit demands exactly = 50!,"Kéo qua ô nào, điểm ô đó cộng dồn vào Tổng. Đích đến yêu cầu bạn đạt chính xác = 50!"
STR_GI_X095,3 HUD OPERATOR TYPES,3 DẠNG TOÁN TỬ HUD
STR_GI_X096,EXACTLY EQUAL,BẰNG CHÍNH XÁC
STR_GI_X097,Example: Total = 50,Ví dụ: Tổng = 50
STR_GI_X098,BELOW THE CEILING,NHỎ HƠN MỨC TRẦN
STR_GI_X099,Example: Total < 35,Ví dụ: Tổng < 35
STR_GI_X100,ABOVE THE FLOOR,LỚN HƠN MỨC SÀN
STR_GI_X101,Example: Total > 40,Ví dụ: Tổng > 40
STR_GI_X102,CHECK THE OPERATOR CAREFULLY,KIỂM TRA KỸ TOÁN TỬ
STR_GI_X103,on the HUD before you draw!,trên bảng HUD trước khi vẽ!
STR_GI_X104,EACH CELL ADDS ONLY ONCE,MỖI Ô CHỈ CỘNG 1 LẦN
STR_GI_X105,+0 POINTS,+0 ĐIỂM
STR_GI_X106,NO FARMING BY LOOPING,KHÔNG THỂ ĐI VÒNG CÀY ĐIỂM
STR_GI_X107,Re-entering an old cell adds nothing.,Quay lại ô cũ sẽ không cộng thêm.
STR_GI_X108,Points count only on the first visit!,Điểm chỉ tính ở lần bước đầu tiên!
STR_GI_X109,"Always read the HUD operator: some levels demand = 50, others only < 30!","Luôn nhìn toán tử trên HUD: Có màn yêu cầu = 50, nhưng có màn chỉ yêu cầu < 30!"
STR_GI_X110,TACTIC: BIG & SMALL NUMBERS,CHIẾN THUẬT: SỐ LỚN & SỐ NHỎ
STR_GI_X111,"Cells 7, 8, 9","Ô 7, 8, 9"
STR_GI_X112,Bank points fast,Dồn điểm cực nhanh
STR_GI_X113,"Cells 1, 2, 3","Ô 1, 2, 3"
STR_GI_X114,Fine-tune the exact fit,Tinh chỉnh vừa khít
STR_GI_X115,50 POINTS,50 ĐIỂM
STR_GI_X116,PERFECT,HOÀN HẢO
STR_GI_X117,Far from the target: grab big cells. Close to it: swing through small cells to nail the finish!,Khi mục tiêu còn xa: Ưu tiên gom các ô số to. Khi gần chạm mốc: Rẽ qua ô số nhỏ để chốt hạ!
STR_GI_X118,UNDO,UNDO
STR_GI_X119,POINTS REFUNDED,TRỪ NGƯỢC ĐIỂM SỐ
STR_GI_X120,OVERSHOT THE TOTAL? FIX IT NOW!,LỠ CỘNG LỐ ĐIỂM? SỬA NGAY!
STR_GI_X121,Tap Undo one step and the last cell's points,"Bấm Undo lùi lại 1 bước, điểm số của ô đó"
STR_GI_X122,are subtracted from the Current Total so you can pick another branch.,sẽ được trừ ngược ra khỏi Tổng Hiện Tại để bạn chọn nhánh khác.
STR_GI_X123,There is always at least 1 correct solution! Use Undo to test different math routes.,Luôn có ít nhất 1 nghiệm đúng! Hãy tận dụng Undo để thử nghiệm các hướng tính toán.
STR_GI_X124,BUDGET LEFT:,NGÂN SÁCH CÒN:
STR_GI_X125,SPENT: -3 STEPS (2 CELLS),ĐÃ TIÊU: -3 BƯỚC (QUA 2 Ô)
STR_GI_X126,CHEAP CELLS (1 - 2),Ô GIÁ RẺ (1 - 2)
STR_GI_X127,SAVINGS,TIẾT KIỆM
STR_GI_X128,Route through these,Ưu tiên đi qua
STR_GI_X129,to protect your budget!,để giữ ngân sách!
STR_GI_X130,PRICEY CELLS (3 - 4),Ô GIÁ ĐẮT (3 - 4)
STR_GI_X131,EXPENSIVE!,TỐN KÉM!
STR_GI_X132,One step into a 4 costs,Đi 1 ô số 4 bằng
STR_GI_X133,as much as four 1s!,4 lần ô số 1!
STR_GI_X134,"Walked 2 cells: [1] + [2] • Total toll: -3 steps, leaving 13 steps in the budget!","Đã đi qua 2 ô: Ô [1] + Ô [2] • Tổng cước: -3 bước, ngân sách còn 13 bước!"
STR_GI_X135,RESULT OF A WALL HIT,HẬU QUẢ ĐÂM TƯỜNG
STR_GI_X136,STILL -3 STEPS!,VẪN TRỪ -3 BƯỚC!
STR_GI_X137,You pay the exact toll,Bị phạt đúng giá cước
STR_GI_X138,of the cell you rammed into!,của ô bạn vừa đâm!
STR_GI_X139,BEWARE OF PRICEY TRAPS,CẨN THẬN BẪY Ô ĐẮT
STR_GI_X140,CELLS 3 & 4,Ô SỐ 3 & SỐ 4
STR_GI_X141,They drain the budget fast.,Hao hụt ngân sách cực nhanh.
STR_GI_X142,Try to route around them!,Nên tìm đường né tránh!
STR_GI_X143,"Wall hits in Countdown Cost punish twice: back to S, plus the cost of the target cell!","Đâm tường ở Countdown Cost bị phạt kép: vừa văng về S, vừa mất đứt số bước của ô đích!"
STR_GI_X144,TACTIC: THE CHEAPEST PATH,BÍ QUYẾT: ĐƯỜNG RẺ NHẤT
STR_GI_X145,COST: 6 STEPS • 10 LEFT,CƯỚC: 6 BƯỚC • DƯ 10
STR_GI_X146,COST: 17 STEPS • LOSS,CƯỚC: 17 BƯỚC • THUA
STR_GI_X147,The Budget Always Fits The Cheap Route,Ngân Sách Luôn Đủ Cho Đường Rẻ
STR_GI_X148,Every level grants enough steps for,Mỗi màn đều cấp đủ số bước cho
STR_GI_X149,the cheapest route plus a buffer.,tuyến đường ít tốn kém nhất + dự phòng.
STR_GI_X150,Stray into pricey cells and the steps run dry!,Đi lệch qua ô đắt sẽ bị cạn sạch bước!
STR_GI_X151,100% TOLL REFUND,HOÀN TRẢ CƯỚC 100%
STR_GI_X152,+EVERY SPENT STEP COMES BACK!,+HOÀN LẠI SỐ BƯỚC ĐÃ TRỪ!
STR_GI_X153,Stepped into an expensive cell or want to turn around?,Lỡ bước vào ô đắt đỏ hoặc muốn đổi hướng?
STR_GI_X154,Tap Undo and every charged step is instantly refunded to your budget.,"Bấm Undo lùi lại, số bước bị trừ sẽ lập tức cộng ngược lại vào ngân sách."
STR_GI_X155,Never regret an Undo! Backing up to a cheaper route can save the whole run.,Đừng tiếc một lần Undo! Lùi lại để chọn lối đi rẻ hơn sẽ cứu sống cả ván đấu.
STR_GI_X156,1 LEFT,CÒN 1
STR_GI_X157,THE NUMBER IS,SỐ TRÊN Ô LÀ
STR_GI_X158,INK POINTS,ĐIỂM MỰC
STR_GI_X159,Not a wall count!,Không phải số tường!
STR_GI_X160,Not a bomb count!,Không phải bom!
STR_GI_X161,-1 INK,-1 MỰC
STR_GI_X162,Every cell on,Tất cả các ô trên
STR_GI_X163,the board fades too!,bàn cờ cùng phai!
STR_GI_X164,Walk 3 steps = every cell on the board loses 3 ink!,Bạn đi được 3 bước = Toàn bộ các ô trên bàn cờ đều bị phai mất 3 điểm mực!
STR_GI_X165,CELL WITH 1 INK LEFT,Ô CÒN 1 ĐIỂM MỰC
STR_GI_X166,ALMOST FADED,SẮP PHAI
STR_GI_X167,EXACTLY 1 MOVE LEFT!,CÒN ĐÚNG 1 BƯỚC!
STR_GI_X168,Take one more step into,Nếu đi thêm 1 bước nữa vào
STR_GI_X169,anywhere and this cell vanishes!,"bất kỳ đâu, ô này sẽ biến mất!"
STR_GI_X170,0-INK CELL: LOCKED,Ô 0 MỰC: BỊ KHÓA
STR_GI_X171,DRY,CẠN
STR_GI_X172,CANNOT ENTER,KHÔNG THỂ BƯỚC VÀO
STR_GI_X173,The cell becomes an empty gap.,Ô trở thành khoảng trống rỗng.
STR_GI_X174,Every route sealed = INSTANT LOSS!,Bị bít hết đường = THUA NGAY!
STR_GI_X175,Watch the orange-rimmed cells! They warn about paths that are about to vanish forever.,Hãy để ý các ô viền cam! Chúng báo trước những lối đi sắp biến mất vĩnh viễn.
STR_GI_X176,TACTIC: SHORTEST PATH,BÍ QUYẾT: ĐƯỜNG NGẮN NHẤT
STR_GI_X177,4 STEPS • WIN,4 BƯỚC • THẮNG
STR_GI_X178,7 STEPS • DRY INK,7 BƯỚC • CẠN MỰC
STR_GI_X179,The Short Route Always Has Enough Ink,Đường Ngắn Luôn Đủ Mực
STR_GI_X180,Every level is designed so that,Mỗi màn đều được thiết kế sao cho
STR_GI_X181,the shortest path has enough ink to reach F.,đường ngắn nhất có đủ mực để tới F.
STR_GI_X182,Wandering around drains the ink and seals your own path!,Đi vòng vèo sẽ tự làm cạn mực bít đường!
STR_GI_X183,INK RESTORE PERK,ĐẶC QUYỀN HỒI MỰC
STR_GI_X184,+1 INK FOR THE WHOLE BOARD!,+1 MỰC CHO TOÀN BÀN CỜ!
STR_GI_X185,"Each Undo rewinds 1 step, and every","Mỗi lần bấm Undo lùi 1 bước chân, tất cả"
STR_GI_X186,cell on the board regains exactly 1 ink point.,các ô trên bàn cờ đều được hồi phục lại đúng 1 điểm mực.
STR_GI_X187,Don't hold back on Undo! Rewinding a step instantly revives cells that just ran dry.,Đừng ngại Undo! Rút lại bước đi sẽ hồi sinh ngay các ô vừa bị cạn mực.
STR_GI_X188,MEMORIZE IN,GHI NHỚ TRONG
STR_GI_X189,SECONDS,GIÂY
STR_GI_X190,IN THE FIRST 3 SECONDS,TRONG 3 GIÂY ĐẦU
STR_GI_X191,WALLS SHOWN,TƯỜNG HIỆN
STR_GI_X192,100% CLEAR,100% RÕ RÀNG
STR_GI_X193,(Timer paused),(Đồng hồ đứng yên)
STR_GI_X194,SPECIAL NOTE,ĐẶC BIỆT CHÚ Ý
STR_GI_X195,COMPLETELY,HOÀN TOÀN
STR_GI_X196,NO NUMBERS,KHÔNG CÓ SỐ
STR_GI_X197,Only the S and F cells remain!,Chỉ có ô S và F!
STR_GI_X198,Use the 3-second countdown to scan the whole board and burn the safe escape route into your mind!,Tranh thủ 3 giây đếm ngược nhìn bao quát để khắc ghi đường thoát an toàn vào đầu!
STR_GI_X199,GO!,GO!
STR_GI_X200,THE BOARD AFTERWARDS,BÀN CỜ SAU ĐÓ
STR_GI_X201,COMPLETELY BLANK,TRỐNG TRƠN
STR_GI_X202,100% WALLS HIDDEN,100% TƯỜNG ẨN
STR_GI_X203,Not a single trace left!,Không còn vết tích!
STR_GI_X204,CAREFUL OF HIDDEN WALLS,CẨN THẬN ĐÂM TƯỜNG
STR_GI_X205,TOUCH A HIDDEN WALL,CHẠM TƯỜNG ẨN
STR_GI_X206,PENALTY: BACK TO S,BỊ PHẠT VỀ S
STR_GI_X207,(Hardcore: instant loss),(Hardcore: Thua ngay)
STR_GI_X208,The timer starts now! Draw slowly and reconstruct the maze from memory.,Đồng hồ bắt đầu tính giờ! Hãy vẽ chậm rãi và tái hiện lại trí nhớ của bạn.
STR_GI_X209,TACTIC: DRAW DRAFT WALLS,CHIẾN THUẬT: VẼ TƯỜNG NHÁP
STR_GI_X210,Quickly Lock Dangerous Gaps,Nhanh Tay Khóa Khe Nguy Hiểm
STR_GI_X211,"The moment the 3 seconds end, use the Memory tool","Vừa hết 3 giây, hãy dùng công cụ Ghi Nhớ"
STR_GI_X212,to reconnect the Anchors and rebuild the walls you remember.,nối ngay các Anchor để dựng lại tường bạn nhớ.
STR_GI_X213,So you never blank out mid-run!,Giúp bạn không bị đãng trí giữa chừng!
STR_GI_X214,HINT,GỢI Ý (HINT)
STR_GI_X215,Reveal the safe route,Soi lại đường an toàn
STR_GI_X216,Forgot the whole route?,Lỡ quên sạch đường đi?
STR_GI_X217,Tap Hint to instantly light up,Bấm Gợi Ý để soi sáng ngay
STR_GI_X218,the next correct stretch of path.,1 đoạn đường đúng đắn tiếp theo.
STR_GI_X219,UNDO,HOÀN TÁC (UNDO)
STR_GI_X220,Take back a step,Rút lại bước đi
STR_GI_X221,Stepped somewhere and got a bad feeling?,Vừa đặt chân vào ô thấy sai sai?
STR_GI_X222,Tap Undo to back up one cell,Bấm Undo để lùi lại ô trước
STR_GI_X223,before you hit a hidden wall!,trước khi va phải tường ẩn!
STR_GI_X224,A great memory alone won't win — the master is whoever rebuilds walls with Anchors!,Kẻ có trí nhớ tốt chưa chắc đã thắng — kẻ biết dùng Anchor dựng tường mới là cao thủ!
STR_GI_X225,VISION ZONE,VÙNG TẦM NHÌN
STR_GI_X226,RADIUS 1 CELL,BÁN KÍNH 1 Ô
STR_GI_X227,NUMBERS SHOW,HIỆN RÕ SỐ
STR_GI_X228,Only cells right beside you!,Chỉ thấy ô sát cạnh bạn!
STR_GI_X229,FOG ZONE,VÙNG SƯƠNG MÙ
STR_GI_X230,CELLS FAR AWAY,Ô Ở XA BẠN
STR_GI_X231,NUMBERS HIDDEN,ẨN CON SỐ
STR_GI_X232,Clues are masked!,Che khuất manh mối!
STR_GI_X233,The glow opens up wherever you walk — distant cells keep their numbers hidden in fog!,Bạn đi đến đâu thì quầng sáng mở ra tới đó — ô ở xa sẽ bị sương mù che mất số!
STR_GI_X234,CELL ALREADY VISITED,Ô ĐÃ BƯỚC QUA
STR_GI_X235,FADING OUT,MỜ DẦN ĐI
STR_GI_X236,NUMBER HIDDEN AGAIN,ẨN LẠI SỐ
STR_GI_X237,The fog rolls back in!,Sương mù phủ lại!
STR_GI_X238,HIDDEN WALL TRAP,BẪY TƯỜNG ẨN
STR_GI_X239,WALL HIT,ĐÂM VÀO TƯỜNG
STR_GI_X240,The fog parts wherever you go — but never step blindly into a cell whose number is unknown!,Bước tới đâu sương mù mở tới đó — nhưng tuyệt đối không bước bừa vào ô chưa rõ số!
STR_GI_X241,TACTIC: LOCK WALLS WITH ANCHORS,CHIẾN THUẬT: KHÓA TƯỜNG ANCHOR
STR_GI_X242,Lock Walls Before The Fog Hides Them,Khóa Tường Trước Khi Sương Mù Che Mất
STR_GI_X243,See a 2? Instantly connect 2 Anchors,Thấy ô có số 2? Hãy nối ngay 2 Anchor
STR_GI_X244,to raise an orange wall for cover.,để dựng vách tường cam bảo vệ.
STR_GI_X245,Walls you draw are NEVER erased by fog!,Tường bạn tự vẽ KHÔNG bị sương mù xóa!
STR_GI_X246,Light the way in the dark,Soi đường trong tối
STR_GI_X247,Losing your bearings in the fog?,Mất phương hướng trong sương?
STR_GI_X248,the next safe stretch of path ahead.,1 đoạn đường an toàn phía trước.
STR_GI_X249,Stepped into a direction that feels wrong?,Bước vào hướng thấy nguy hiểm?
STR_GI_X250,Tap Undo to retreat to a safe cell,Bấm Undo để lùi lại ô an toàn
STR_GI_X251,before ramming a hidden wall!,trước khi đâm vào tường ẩn!
STR_GI_X252,Blind steppers hit walls — whoever locks routes with Anchors wins!,Kẻ mù quáng bước đi sẽ đâm tường — người biết dùng Anchor khóa lối sẽ chiến thắng!
STR_GI_X253,TIẾN ĐỘ PHỦ KÍN:,TIẾN ĐỘ PHỦ KÍN:
STR_GI_X254,MỘT NÉT KHÔNG NHẤC BÚT,MỘT NÉT KHÔNG NHẤC BÚT
STR_GI_X255,ĐẶC TRƯNG BÀN CỜ,ĐẶC TRƯNG BÀN CỜ
STR_GI_X256,TƯỜNG THẤY RÕ,TƯỜNG THẤY RÕ
STR_GI_X257,100% HIỆN SẴN,100% HIỆN SẴN
STR_GI_X258,Không có số trên ô!,Không có số trên ô!
STR_GI_X259,MỤC TIÊU DUY NHẤT,MỤC TIÊU DUY NHẤT
STR_GI_X260,PHỦ KÍN 100%,PHỦ KÍN 100%
STR_GI_X261,MỌI Ô CỜ,MỌI Ô CỜ
STR_GI_X262,rồi mới về đích F!,rồi mới về đích F!
STR_GI_X263,Đã đi 6 ô • Đi tiếp qua 3 ô còn lại để phủ kín 9/9 ô rồi chạm hố thang F!,Đã đi 6 ô • Đi tiếp qua 3 ô còn lại để phủ kín 9/9 ô rồi chạm hố thang F!
STR_GI_X264,ĐI VÀO ĐƯỜNG ĐÃ QUA,ĐI VÀO ĐƯỜNG ĐÃ QUA
STR_GI_X265,ĐÃ ĐI,ĐÃ ĐI
STR_GI_X266,GAME OVER NGAY!,GAME OVER NGAY!
STR_GI_X267,Cố tình bước đè lên nét vẽ cũ,Cố tình bước đè lên nét vẽ cũ
STR_GI_X268,sẽ bị xử thua lập tức!,sẽ bị xử thua lập tức!
STR_GI_X269,BẪY CÔ LẬP Ô TRỐNG,BẪY CÔ LẬP Ô TRỐNG
STR_GI_X270,BỊ KẸT,BỊ KẸT
STR_GI_X271,HẾT ĐƯỜNG ĐI!,HẾT ĐƯỜNG ĐI!
STR_GI_X272,Vẽ sai nhánh làm cô lập ô trống.,Vẽ sai nhánh làm cô lập ô trống.
STR_GI_X273,Không thể phủ kín 100% • Thua!,Không thể phủ kín 100% • Thua!
STR_GI_X274,Tuyệt đối không được bước lùi vào nét vẽ cũ — chạm đường đã đi là Game Over ngay!,Tuyệt đối không được bước lùi vào nét vẽ cũ — chạm đường đã đi là Game Over ngay!
STR_GI_X275,ĐÍCH ĐẾN CUỐI CÙNG: F,ĐÍCH ĐẾN CUỐI CÙNG: F
STR_GI_X276,ĐÃ PHỦ KÍN,ĐÃ PHỦ KÍN
STR_GI_X277,100% SỐ Ô,100% SỐ Ô
STR_GI_X278,F Là Điểm Chốt Hạ Cuối Cùng,F Là Điểm Chốt Hạ Cuối Cùng
STR_GI_X279,Chỉ được chạm vào hố thang F sau khi,Chỉ được chạm vào hố thang F sau khi
STR_GI_X280,đã phủ kín mọi ô khác trên bàn cờ.,đã phủ kín mọi ô khác trên bàn cờ.
STR_GI_X281,Chạm F sớm sẽ bị chặn lại!,Chạm F sớm sẽ bị chặn lại!
STR_GI_X282,CỨU CÁNH SINH TỬ,CỨU CÁNH SINH TỬ
STR_GI_X283,MỞ LẠI Ô VỪA ĐI QUA!,MỞ LẠI Ô VỪA ĐI QUA!
STR_GI_X284,Thấy đi nhầm nhánh kẹt? Bấm Undo ngay,Thấy đi nhầm nhánh kẹt? Bấm Undo ngay
STR_GI_X285,"để rút nét vẽ và mở lại ô, tránh bị Game Over do đi lại đường cũ.","để rút nét vẽ và mở lại ô, tránh bị Game Over do đi lại đường cũ."
STR_GI_X286,Đừng cố đi tiếp khi nhận ra bị kẹt — hãy dùng Undo để mở lại ô và thử hướng khác!,Đừng cố đi tiếp khi nhận ra bị kẹt — hãy dùng Undo để mở lại ô và thử hướng khác!
STR_GI_X287,TỔNG TƯỜNG CẦN DỰNG:,TỔNG TƯỜNG CẦN DỰNG:
STR_GI_X288,KÉO NỐI 2 ĐIỂM NEO (+),KÉO NỐI 2 ĐIỂM NEO (+)
STR_GI_X289,VAI TRÒ MỚI,VAI TRÒ MỚI
STR_GI_X290,THỢ XÂY MÊ CUNG,THỢ XÂY MÊ CUNG
STR_GI_X291,KHÔNG CÓ S/F,KHÔNG CÓ S/F
STR_GI_X292,Không có di chuyển!,Không có di chuyển!
STR_GI_X293,THAO TÁC CHÍNH,THAO TÁC CHÍNH
STR_GI_X294,NỐI 2 ANCHOR,NỐI 2 ANCHOR
STR_GI_X295,BẬT / TẮT TƯỜNG,BẬT / TẮT TƯỜNG
STR_GI_X296,Kéo để dựng vách!,Kéo để dựng vách!
STR_GI_X297,Ô giữa mang số 2 • Bạn cần kéo nối đúng 2 đoạn tường ở các cạnh của nó!,Ô giữa mang số 2 • Bạn cần kéo nối đúng 2 đoạn tường ở các cạnh của nó!
STR_GI_X298,DỰNG ĐỦ • BẤM GỬI,DỰNG ĐỦ • BẤM GỬI
STR_GI_X299,TIẾN ĐỘ TƯỜNG,TIẾN ĐỘ TƯỜNG
STR_GI_X300,18 / 18 ĐOẠN,18 / 18 ĐOẠN
STR_GI_X301,ĐÃ ĐỦ,ĐÃ ĐỦ
STR_GI_X302,GỬI BÀI,GỬI BÀI
STR_GI_X303,Kiểm tra kết quả,Kiểm tra kết quả
STR_GI_X304,KHỚP MỌI SỐ = THẮNG!,KHỚP MỌI SỐ = THẮNG!
STR_GI_X305,Cấu hình tường thỏa mãn,Cấu hình tường thỏa mãn
STR_GI_X306,toàn bộ con số là hoàn thành.,toàn bộ con số là hoàn thành.
STR_GI_X307,CHỈ CÓ 3 LƯỢT NỘP,CHỈ CÓ 3 LƯỢT NỘP
STR_GI_X308,CHƯA KHỚP 2 ĐOẠN!,CHƯA KHỚP 2 ĐOẠN!
STR_GI_X309,BỊ TRỪ -1 LƯỢT GỬI,BỊ TRỪ -1 LƯỢT GỬI
STR_GI_X310,(Còn lại 2/3 lượt),(Còn lại 2/3 lượt)
STR_GI_X311,HẾT 3 LƯỢT = THUA!,HẾT 3 LƯỢT = THUA!
STR_GI_X312,"Game chỉ báo số đoạn bị sai,","Game chỉ báo số đoạn bị sai,"
STR_GI_X313,KHÔNG chỉ ra vị trí sai!,KHÔNG chỉ ra vị trí sai!
STR_GI_X314,"Bạn chỉ có 3 lượt gửi bài: Đừng bấm Gửi cầu may, hãy rà soát thật kỹ từng ô!","Bạn chỉ có 3 lượt gửi bài: Đừng bấm Gửi cầu may, hãy rà soát thật kỹ từng ô!"
STR_GI_X315,BÍ QUYẾT: LOẠI TRỪ TỪ Ô SỐ 0,BÍ QUYẾT: LOẠI TRỪ TỪ Ô SỐ 0
STR_GI_X316,CẤM VẼ,CẤM VẼ
STR_GI_X317,Ô Số 0 Tuyệt Đối Sạch Tường,Ô Số 0 Tuyệt Đối Sạch Tường
STR_GI_X318,Bốn cạnh xung quanh ô số 0 không bao giờ,Bốn cạnh xung quanh ô số 0 không bao giờ
STR_GI_X319,có tường. Loại trừ các khe này trước tiên,có tường. Loại trừ các khe này trước tiên
STR_GI_X320,sẽ giúp suy luận ra tường của các ô bên cạnh!,sẽ giúp suy luận ra tường của các ô bên cạnh!
STR_GI_X321,Khóa 1 tường đúng,Khóa 1 tường đúng
STR_GI_X322,Bí tắc không biết dựng ở đâu?,Bí tắc không biết dựng ở đâu?
STR_GI_X323,Bấm Gợi Ý để hiện và KHÓA,Bấm Gợi Ý để hiện và KHÓA
STR_GI_X324,cố định 1 đoạn tường chuẩn 100%.,cố định 1 đoạn tường chuẩn 100%.
STR_GI_X325,Xóa đoạn vừa nối,Xóa đoạn vừa nối
STR_GI_X326,Lỡ tay nối nhầm khe tường?,Lỡ tay nối nhầm khe tường?
STR_GI_X327,Bấm Undo để gỡ bỏ ngay lập tức,Bấm Undo để gỡ bỏ ngay lập tức
STR_GI_X328,mà không cần kéo lại lần nữa.,mà không cần kéo lại lần nữa.
STR_GI_X329,Kẻ thợ xây thông minh luôn bắt đầu từ ô số 0 và các ô số lớn ở góc cạnh!,Kẻ thợ xây thông minh luôn bắt đầu từ ô số 0 và các ô số lớn ở góc cạnh!
STR_TUT_COMMON_TITLE,TUTORIAL,HƯỚNG DẪN
STR_TUT_COMMON_NEXT,Next,Tiếp tục
STR_TUT_COMMON_SKIP_ALL,Skip All,Bỏ qua tất cả
STR_TUT_COMMON_FINISH,Finish,Hoàn thành
STR_TUT_FIRST_TIME_01,Welcome to Number Maze!,Chào mừng bạn đến với Number Maze!
STR_TUT_FIRST_TIME_02,"Draw a path from START (S) to FINISH (F).","Vẽ một đường đi từ điểm BẮT ĐẦU (S) tới điểm KẾT THÚC (F)."
STR_TUT_FIRST_TIME_03,The numbers on each cell help you deduce invisible walls.,Những con số trên mỗi ô sẽ giúp bạn đoán ra đâu là tường vô hình.
STR_TUT_FIRST_TIME_04,"Before playing for real, let's practice 3 basic skills!","Trước khi chơi thật, hãy cùng luyện 3 kỹ năng cơ bản nhé!"
STR_TUT_FIRST_TIME_START,Start,Bắt Đầu
STR_TUT_MOVE_01,"This is the START (S). Press and drag to the adjacent cell.","Đây là điểm BẮT ĐẦU (S). Hãy giữ và kéo sang ô bên cạnh."
STR_TUT_MOVE_02,Now keep dragging to F to complete the path.,Giờ kéo tiếp tới F để hoàn thành đường đi.
STR_TUT_MOVE_03,Awesome! You just drew your first path.,Tuyệt vời! Bạn vừa vẽ xong đường đi đầu tiên.
STR_TUT_MOVE_FAIL_01,"You can only move to ADJACENT cells — up, down, left, or right.","Chỉ đi được sang ô NGAY BÊN CẠNH — trên, dưới, trái hoặc phải thôi nhé."
STR_TUT_WALL_01,The number shows HOW MANY edges around that cell are invisible walls.,Con số trên mỗi ô cho biết có BAO NHIÊU cạnh quanh ô đó là tường vô hình.
STR_TUT_WALL_02,Invisible walls BLOCK your path — you cannot draw across them.,Tường vô hình sẽ CHẶN đường đi — kéo ngang qua đó đường sẽ không vẽ được.
STR_TUT_WALL_03,Now navigate from S to F — remember to deduce walls from numbers!,Giờ bạn hãy tự đi từ S tới F — nhớ dùng con số để đoán tường nhé!
STR_TUT_WALL_04,Correct! You used numbers to deduce the walls.,Chính xác! Bạn đã dùng con số để đoán đúng tường.
STR_TUT_WALL_05,Note: different modes may use numbers with different rules.,Lưu ý: không phải chế độ nào cũng dùng số kiểu này. Cùng khám phá tiếp nhé!
STR_TUT_WALL_FAIL_01,"Oops, that's a wall! Try another direction.","Ối, đó là tường rồi! Thử hướng khác xem."
STR_TUT_MINE_01,"In this mode, numbers represent MINES in the 8 adjacent cells!","Ở chế độ này, con số KHÔNG còn là số tường nữa — mà là SỐ MÌN trong 8 ô xung quanh!"
STR_TUT_MINE_02,Stepping on a hidden mine causes INSTANT DEFEAT.,Đạp trúng ô có mìn ẩn là THUA NGAY LẬP TỨC.
STR_TUT_MINE_03,Now lead the path from S to F — deduce safe cells to avoid mines!,Giờ hãy dẫn đường từ S tới F — nhớ suy luận từ số để né mìn nhé!
STR_TUT_MINE_04,Spot on! You avoided all mines.,Chuẩn luôn! Bạn né được hết mìn.
STR_TUT_MINE_05,Every Minesweeper board has at least 1 safe path — deduce logically.,Bàn Minesweeper thật luôn có ít nhất 1 đường an toàn — hãy suy luận từ số!
STR_TUT_MINE_FAIL_01,That's a mine! Look closely at the numbers around it.,Đây là ô có mìn rồi! Hãy nhìn lại các số quanh đây xem sao.
STR_TUT_ONE_01,This mode has NO numbers — all walls are clearly visible.,Chế độ này KHÔNG có số — tường đã hiện rõ sẵn trên bàn.
STR_TUT_ONE_02,Rule: visit EVERY cell EXACTLY ONCE before ending at F.,"Luật đặc biệt: bạn phải đi qua TẤT CẢ các ô, mỗi ô ĐÚNG 1 LẦN, rồi mới được dừng ở F."
STR_TUT_ONE_03,Revisiting an already passed cell is forbidden.,"Đi đè lên ô đã đi qua là THUA NGAY, nên đi tới đâu chắc tới đó nhé."
STR_TUT_ONE_04,Your turn — visit all 9 cells and finish at F!,Giờ đến lượt bạn — đi hết cả 9 ô rồi kết thúc ở F nhé!
STR_TUT_ONE_05,You just completed your first one-stroke path!,Bạn vừa hoàn thành một nét đầu tiên rồi đó!
STR_TUT_ONE_FAIL_01,Cell already visited! Choose another path.,Ô này đi qua rồi! Chọn ô khác thử xem.
STR_TUT_ONE_FAIL_02,Cells remaining — F only unlocks once all cells are visited!,Còn ô chưa đi kìa — F chỉ mở khi bạn đã đi hết cả bàn!
STR_TUT_SUM_01,Here numbers are cell POINTS — unrelated to walls.,Ở đây con số là ĐIỂM của ô — không liên quan gì tới tường cả.
STR_TUT_SUM_02,Your total path sum must match this exact condition.,Tổng điểm đường đi của bạn phải khớp đúng điều kiện này.
STR_TUT_SUM_03,Each cell is scored only ONCE along your path.,Mỗi ô chỉ tính điểm 1 LẦN dù bạn có đi qua lại nhiều lần.
STR_TUT_SUM_04,Now find a path so the sum matches the target condition!,Giờ bạn hãy tìm đường sao cho tổng điểm khớp đúng mục tiêu nhé!
STR_TUT_SUM_05,Perfect match!,Chuẩn không cần chỉnh!
STR_TUT_SUM_FAIL_01,Sum does not match — try undoing and picking another route!,Tổng chưa đúng rồi — hãy thử lại!
STR_TUT_WB_01,No movement here — DRAW WALLS to match the numbers.,Chế độ này không di chuyển đâu — bạn sẽ TỰ VẼ TƯỜNG để khớp với các con số.
STR_TUT_WB_02,Each number is the required walls around that cell — from 0 to 4.,Mỗi con số là số tường cần có quanh ô đó — từ 0 tới 4.
STR_TUT_WB_03,Connect adjacent anchors to toggle a wall segment.,Kéo nối 2 điểm neo kề nhau để bật một đoạn tường.
STR_TUT_WB_04,This counter shows how many wall segments to build.,Khung đếm phía trên cho biết bạn cần vẽ bao nhiêu đoạn tường.
STR_TUT_WB_05,Now build all walls and press SUBMIT!,Hãy bật đủ 2 đoạn tường ngang rồi bấm GỬI nhé!
STR_TUT_WB_06,Correct! All numbers match perfectly.,Chính xác! Mọi con số đã khớp hết rồi.
STR_TUT_WB_FAIL_01,Not matching yet — check cells that still need walls.,Chưa khớp hết — hãy kiểm tra lại các ô!
STR_HUD_DUNGEON_SUB,DUNGEON,HẦM NGỤC
STR_HUD_SPEED_STANDARD,SPEED: STANDARD,TỐC ĐỘ: TIÊU CHUẨN
STR_HUD_MINE_TIME_SUB,SCANNING MINES,ĐANG DÒ MÌN
STR_HUD_BLIND_TIME_PAUSED,⏸ TIMER PAUSED,⏸ ĐỒNG HỒ ĐỨNG YÊN
STR_CELL_ALMOST_FADED,ALMOST FADED,SẮP PHAI
STR_CELL_DRY,DRY,CẠN
STR_TOOL_RESTART,RESTART,CHƠI LẠI
STR_TUT_SUM_HUD_FORMAT,Sum: {0}  |  Target: = {1},Tổng: {0}  |  Mục tiêu: = {1}
STR_TUT_WB_COUNTER_FORMAT,Drawn: {0} / {1} segments,Đã vẽ: {0} / {1} đoạn
STR_TUT_MOVE_02B,Great! Keep dragging to the last cell — cell F.,Tuyệt! Tiếp tục kéo sang ô cuối — ô F.
STR_TUT_CC_01,Cost Mode: the number on each cell is the amount of STEPS deducted when you enter it.,Chế độ Chi Phí: con số trên mỗi ô là số BƯỚC bị trừ khi bước vào ô đó.
STR_TUT_CC_02,Your step budget is limited — smaller numbers cost less!,Ngân sách bước của bạn có hạn — ô nào có số nhỏ thì ít tốn hơn!
STR_TUT_CC_03,Pick the CHEAPEST path to F before the budget runs out.,Chọn đường RẺ NHẤT để đến F mà ngân sách không cạn trước.
STR_TUT_CC_04,Now try it — reach F as cheaply as you can!,Giờ hãy thử — đi từ S tới F tiết kiệm nhất nhé!
STR_TUT_CC_05,Excellent! You picked a smart path.,Xuất sắc! Bạn đã chọn đường khôn ngoan rồi đó.
STR_TUT_CC_FAIL_01,Out of budget! Pick a lower-cost cell.,Hết ngân sách! Chọn ô chi phí thấp hơn.
STR_TUT_CC_HUD_FORMAT,Budget: {0} steps,Ngân sách: {0} bước
STR_TUT_FI_01,Fading Ink: the number on each cell is the remaining INK — entering an empty cell is blocked.,Chế độ Mực Phai: số trên ô là LƯỢNG MỰC còn lại — bước vào ô hết mực là bị chặn.
STR_TUT_FI_02,EVERY MOVE fades ALL cells by 1 — reach the goal before the ink runs out!,MỖI BƯỚC ĐI làm TẤT CẢ ô nhạt đi 1 — hãy về đích trước khi mực cạn!
STR_TUT_FI_03,Find the shortest path to F before the paths disappear.,Tìm đường ngắn nhất đến F trước khi lối đi biến mất.
STR_TUT_FI_04,Now try to get from S to F as fast as you can!,Giờ thử đi từ S tới F nhanh nhất có thể nhé!
STR_TUT_FI_05,Great! You found the path before the ink ran out.,Tuyệt! Bạn đã tìm đường kịp trước khi mực cạn.
STR_TUT_FI_FAIL_01,This cell is out of ink — pick another one!,Ô này đã cạn mực — hãy chọn ô khác!
STR_TUT_FI_HUD_FORMAT,Steps taken: {0},Bước đã đi: {0}
STR_TUT_FOG_01,Fog of War: numbers only appear around YOUR CURRENT position.,Chế độ Sương Mù: số trên ô chỉ hiện ra quanh VỊ TRÍ HIỆN TẠI của bạn.
STR_TUT_FOG_02,Move to explore — every step reveals more surrounding numbers!,Di chuyển để khám phá — mỗi bước hé lộ thêm số xung quanh!
STR_TUT_FOG_03,Hitting an invisible wall pushes you back to S and costs 1 RETRY (3 total).,Đâm tường vô hình sẽ bị đẩy về S và mất 1 LƯỢT THỬ LẠI (3 lượt).
STR_TUT_FOG_04,"Use the numbers to deduce walls, then carefully walk from S to F!","Dùng các con số để suy luận tường, rồi đi thận trọng từ S tới F!"
STR_TUT_FOG_05,Excellent! You made it through the fog.,Xuất sắc! Bạn đã vượt qua sương mù rồi đó.
STR_TUT_FOG_FAIL_01,Wall hit! You lose 1 retry.,Đâm tường! Mất 1 lượt thử lại.
STR_TUT_FOG_HUD_FORMAT,Retries: {0} / 3,Lượt thử: {0} / 3
STR_TUT_BM_01,Memory Mode: study the board — walls show first then hide!,Chế độ Trí Nhớ: bàn GHI NHỚ — tường hiện trước rồi ẩn hẳn!
STR_TUT_BM_02,Look closely at the visible walls — you need to remember them.,Nhìn thật kỹ các tường đang hiện — bạn cần nhớ vị trí chúng.
STR_TUT_BM_03,"Once walls hide — find the right route from memory.","Sau khi tường ẩn, bạn phải đi đúng đường nhờ trí nhớ vừa ghi."
STR_TUT_BM_04,"Memorize the walls, then walk from S to F!","Ghi nhớ tường, rồi đi từ S tới F!"
STR_TUT_BM_05,Great! Your memory is impressive.,Tuyệt! Trí nhớ của bạn thật đáng nể.
STR_TUT_BM_FAIL_01,Wall hit! Try to recall where the walls are.,Đâm tường! Nhớ lại xem tường nằm đâu.
STR_TUT_BM_HUD,Walls hidden: {0},Tường ẩn: {0} vị trí
STR_TUT_TOOL_01,The toolbar has 2 tools: UNDO and HINT — each can be used 3 times per level. Let's see how they work!,Thanh công cụ có 2 nút: QUAY LẠI và GỢI Ý — mỗi nút dùng được 3 lượt mỗi màn. Cùng xem cách dùng nhé!
STR_TUT_TOOL_02,"Example: take a step, then press UNDO — the cursor moves back to the previous cell.",Ví dụ: đi 1 bước rồi nhấn QUAY LẠI — con trỏ tự lùi về ô cũ.
STR_TUT_TOOL_03,Example: press HINT — the next cell lights up.,Ví dụ: nhấn GỢI Ý — ô nên đi tiếp sẽ sáng lên.
STR_TUT_TOOL_04,"Now try it yourself — reach F, using UNDO and HINT when needed!","Giờ tự thử — đi tới F, dùng QUAY LẠI và GỢI Ý khi cần nhé!"
STR_TUT_TOOL_05,Great! You have mastered both tools.,Tuyệt! Bạn đã nắm được 2 công cụ rồi.
STR_TUT_TOOL_FAIL_UNDO,No steps to undo yet!,Chưa có bước nào để quay lại!
STR_TUT_TOOL_HUD,Undo: {0} · Hint: {1},Quay lại: {0} lượt · Gợi ý: {1} lượt
STR_TUT_CONGRATS_TITLE,CONGRATULATIONS!,CHÚC MỪNG!
STR_TUT_CONGRATS_BODY,"You finished the first 3 lessons and 4 practice boards — now you are ready for the real journey!","Bạn đã hoàn thành 3 bài học đầu tiên và 4 bàn thử sức — sẵn sàng cho hành trình tiếp theo!"
STR_TUT_CONGRATS_CONTINUE,NEXT BOARD,CHƠI BÀN TIẾP THEO
STR_TUT_CONGRATS_MAIN,MAIN MENU,VỀ MÀN HÌNH CHÍNH
STR_ACH_DL_DAYS_30_TITLE,A Month of Discipline,Một Tháng Kiên Trì
STR_ACH_DL_DAYS_30_DESC,Complete 30 days of Daily Mission,Hoàn thành 30 ngày Daily Mission
STR_ACH_DL_DAYS_7_TITLE,Diligent Week,Tuần Lễ Chăm Chỉ
STR_ACH_DL_DAYS_7_DESC,Complete 7 days of Daily Mission,Hoàn thành 7 ngày Daily Mission
STR_ACH_DL_FIRST_DAY_TITLE,First Day,Ngày Đầu Tiên
STR_ACH_DL_FIRST_DAY_DESC,Complete your first Daily Mission day,Hoàn thành ngày Daily Mission đầu tiên
STR_ACH_DL_STARS_30_TITLE,Daily Star Vault,Kho Sao Daily
STR_ACH_DL_STARS_30_DESC,Collect 30 stars from Daily Mission days,Thu thập 30 sao từ các ngày Daily Mission
STR_ACH_DL_STREAK_14_TITLE,14-Day Streak,Chuỗi 14 Ngày
STR_ACH_DL_STREAK_14_DESC,Keep a 14-day streak,Duy trì chuỗi 14 ngày liên tiếp
STR_ACH_DL_STREAK_3_TITLE,Disciplined Streak,Chuỗi Ngày Kỷ Luật
STR_ACH_DL_STREAK_3_DESC,Keep a 3-day streak,Duy trì chuỗi 3 ngày liên tiếp
STR_ACH_DL_STREAK_7_TITLE,7-Day Streak,Chuỗi 7 Ngày
STR_ACH_DL_STREAK_7_DESC,Keep a 7-day streak,Duy trì chuỗi 7 ngày liên tiếp
STR_ACH_DN_FLOOR_15_TITLE,Lord of the Dungeon,Chúa Tể Ngục Tối
STR_ACH_DN_FLOOR_15_DESC,Reach Floor 15 in Dungeon Mode,Tiến sâu tới Tầng 15 trong Dungeon Mode
STR_ACH_DN_FLOOR_30_TITLE,Bottomless Abyss,Vực Sâu Không Đáy
STR_ACH_DN_FLOOR_30_DESC,Reach Floor 30 in Dungeon Mode,Tiến sâu tới Tầng 30 trong Dungeon Mode
STR_ACH_DN_FLOOR_5_TITLE,Dungeon Conqueror,Kẻ Chinh Phục Ngục Tối
STR_ACH_DN_FLOOR_5_DESC,Reach Floor 5 in Dungeon Mode,Tiến sâu tới Tầng 5 trong Dungeon Mode
STR_ACH_DN_FLOORS_100_TITLE,Dungeon Bulldozer,Máy Ủi Ngục Tối
STR_ACH_DN_FLOORS_100_DESC,Clear 100 floors total in Dungeon Mode,Vượt qua tổng cộng 100 Tầng ở Dungeon Mode
STR_ACH_DN_FLOORS_25_TITLE,Floor Sweeper,Người Dọn Tầng
STR_ACH_DN_FLOORS_25_DESC,Clear 25 floors total in Dungeon Mode,Vượt qua tổng cộng 25 Tầng ở Dungeon Mode
STR_ACH_DN_SCORE_20000_TITLE,Dungeon Legend,Huyền Thoại Dungeon
STR_ACH_DN_SCORE_20000_DESC,"Score 20,000 in a single Dungeon run","Đạt 20.000 điểm trong một ván Dungeon"
STR_ACH_DN_SCORE_5000_TITLE,Point Hunter,Thợ Săn Điểm
STR_ACH_DN_SCORE_5000_DESC,"Score 5,000 in a single Dungeon run","Đạt 5.000 điểm trong một ván Dungeon"
STR_ACH_LV_CLEAR_10_TITLE,Path Drawer,Người Vẽ Đường
STR_ACH_LV_CLEAR_10_DESC,Clear 10 levels,Vượt qua 10 màn chơi
STR_ACH_LV_CLEAR_25_TITLE,Maze Master,Bậc Thầy Mê Cung
STR_ACH_LV_CLEAR_25_DESC,Clear 25 levels,Vượt qua 25 màn chơi
STR_ACH_LV_FIRST_STEP_TITLE,Rookie Explorer,Nhà Thám Hiểm Tập Sự
STR_ACH_LV_FIRST_STEP_DESC,Clear your first level in Play Mode,Vượt qua màn chơi đầu tiên ở Play Mode
STR_ACH_LV_PERFECT_10_TITLE,Flawless Ten,Không Một Lỗi
STR_ACH_LV_PERFECT_10_DESC,Earn 3 stars in 10 levels,Đạt 3 sao ở 10 màn chơi
STR_ACH_LV_PERFECT_3_TITLE,Perfect Thrice,Hoàn Hảo Ba Lần
STR_ACH_LV_PERFECT_3_DESC,Earn 3 stars in 3 levels,Đạt 3 sao ở 3 màn chơi
STR_ACH_LV_STARS_15_TITLE,Star Collection,Bộ Sưu Tập Sao
STR_ACH_LV_STARS_15_DESC,Collect 15 stars from levels,Thu thập 15 ngôi sao từ các màn chơi
STR_ACH_LV_STARS_45_TITLE,Starry Sky,Bầu Trời Sao
STR_ACH_LV_STARS_45_DESC,Collect 45 stars from levels,Thu thập 45 ngôi sao từ các màn chơi
STR_ACH_SP_CLAIMED_10_TITLE,Badge Collector,Nhà Sưu Tầm Danh Hiệu
STR_ACH_SP_CLAIMED_10_DESC,Claim 10 achievements,Nhận thưởng 10 danh hiệu
STR_ACH_SP_HARDCORE_3_TITLE,Daredevil,Kẻ Liều Lĩnh
STR_ACH_SP_HARDCORE_3_DESC,Win 3 levels in Hardcore modes (Blind / Fog of War),Thắng 3 màn ở chế độ Hardcore (Blind / Fog of War)
STR_ACH_SP_NO_HINT_5_TITLE,Self-Reliant,Tự Lực Cánh Sinh
STR_ACH_SP_NO_HINT_5_DESC,Win 5 levels/floors without using hints,Thắng 5 màn/tầng mà KHÔNG dùng gợi ý
STR_ACH_SP_NO_UNDO_10_TITLE,No Turning Back,Đi Không Quay Lại
STR_ACH_SP_NO_UNDO_10_DESC,Win 10 levels/floors without undo,Thắng 10 màn/tầng mà KHÔNG dùng hoàn tác
STR_ACH_SP_SECRET_DUNGEON_50_TITLE,Secret • Oath of the Dungeon,Thành Tựu Ẩn • Lời Thề Ngục Tối
STR_ACH_SP_SECRET_DUNGEON_50_DESC,Clear 50 floors total in Dungeon Mode,Vượt qua tổng cộng 50 Tầng ở Dungeon Mode
STR_ACH_SP_SECRET_STAR_60_TITLE,Secret • Sky Keeper,Thành Tựu Ẩn • Người Giữ Bầu Trời
STR_ACH_SP_SECRET_STAR_60_DESC,Collect 60 stars across all modes,Thu thập 60 sao từ tất cả các chế độ
STR_ACH_SP_WINS_50_TITLE,Veteran,Lão Luyện
STR_ACH_SP_WINS_50_DESC,Win 50 levels/floors across all modes,Thắng tổng cộng 50 màn/tầng ở mọi chế độ
STR_CHAPTER_1_NAME,INTRO,NHẬP MÔN
STR_CHAPTER_1_SUB,Get familiar with step & wall rules,Làm quen với các quy luật bước & tường
STR_CHAPTER_2_NAME,DEDUCTION,SUY LUẬN
STR_CHAPTER_2_SUB,Bigger mazes with denser walls,Mê cung rộng hơn với mật độ tường tăng cao
STR_CHAPTER_3_NAME,HIDDEN TRAPS,BẪY ẨN
STR_CHAPTER_3_SUB,Test your memory and wall-free drawing,Nhiệm vụ trí nhớ và khả năng vẽ không chạm tường
STR_CHAPTER_4_NAME,GRANDMASTER,BẬC THẦY
STR_CHAPTER_4_SUB,Huge mazes for deduction masters,Mê cung khổng lồ dành cho cao thủ suy luận
STR_TOOL_SKIP,SKIP,BỎ QUA
STR_PROFILE_TITLE,PLAYER PROFILE,HỒ SƠ CÁ NHÂN
STR_PROFILE_LEVEL_FORMAT,LV. {0},LV. {0}
STR_PROFILE_TIER_1,ROOKIE,TÂN BINH
STR_PROFILE_TIER_2,INK APPRENTICE,THỢ MỰC MỚI
STR_PROFILE_TIER_3,MAZE DETECTIVE,THÁM TỬ MÊ CUNG
STR_PROFILE_TIER_4,MASTER OF MIND,BẬC THẦY TƯ DUY
STR_PROFILE_TIER_5,INK LEGEND,HUYỀN THOẠI MỰC
STR_PROFILE_EXP_LABEL,EXP CẤP ĐỘ,EXP CẤP ĐỘ
STR_PROFILE_EXP_FORMAT,{0} / {1},{0} / {1}
STR_PROFILE_UID_FORMAT,UID: {0},UID: {0}
STR_PROFILE_STATS_TITLE,COMBAT RECORDS,THỐNG KÊ CHIẾN TÍCH
STR_PROFILE_STAT_STARS,TOTAL STARS,TỔNG SAO ĐẠT
STR_PROFILE_STAT_STARS_VALUE,{0} / {1},{0} / {1}
STR_PROFILE_STAT_DUNGEON,DUNGEON RECORD,KỶ LỤC DUNGEON
STR_PROFILE_STAT_FLOOR_VALUE,FLOOR {0},TẦNG {0}
STR_PROFILE_STAT_STREAK,DAILY STREAK,CHUỖI DAILY
STR_PROFILE_STAT_STREAK_VALUE,{0} DAYS,{0} NGÀY
STR_PROFILE_STAT_WINRATE,WIN RATE,TỈ LỆ THẮNG MÀN
STR_PROFILE_STAT_WINRATE_VALUE,{0}%,{0}%
STR_PROFILE_STAT_NONE,NO DATA,CHƯA CÓ
STR_PROFILE_BADGES_TITLE,HONOR BADGES,HUY HIỆU DANH DỰ
STR_PROFILE_BADGES_MORE,OPEN BADGE BOOK,XEM SỔ TAY
STR_PROFILE_AP_FORMAT,{0} AP,{0} AP
STR_PROFILE_GEAR_TITLE,CURRENT GEAR,TRANG BỊ ĐANG DÙNG
STR_PROFILE_GEAR_PEN,PEN NIB,NGÒI BÚT
STR_PROFILE_GEAR_THEME,PAPER,GIẤY VỞ
STR_PROFILE_GEAR_FRAME,FRAME,KHUNG VIỀN
STR_PROFILE_ACTIVITY_TITLE,RECENT ACTIVITY,HOẠT ĐỘNG GẦN ĐÂY
STR_PROFILE_EMPTY_ACTIVITY,No runs yet. Let's play!,Chưa có ván nào. Chơi ngay!
STR_PROFILE_EDIT_BTN,EDIT AVATAR & NAME,ĐỔI AVATAR & TÊN
STR_PROFILE_SHARE_BTN,SHARE,CHIA SẺ
STR_PROFILE_STAMP,INK VERIFIED,INK VERIFIED
STR_PROFILE_ACT_LEVEL,STAGE {0} • {1}×{2},MÀN {0} • BÀN {1}×{2}
STR_PROFILE_ACT_DUNGEON,DUNGEON MODE • FLOOR {0},DUNGEON MODE • TẦNG {0}
STR_PROFILE_ACT_DAILY,DAILY MISSION • {0},DAILY MISSION • {0}
STR_PROFILE_ACT_CUSTOM,{0} • STAGE {1},{0} • MÀN {1}
STR_PROFILE_ACT_TIME_FORMAT,Solve time: {0}s,Thời gian phá giải: {0}s
STR_PROFILE_ACT_MOVES_FORMAT,{0} steps,{0} bước chân
STR_PROFILE_DONE_TAG,COMPLETED,HOÀN THÀNH
STR_PROFILE_FAIL_TAG,FAILED,CHƯA QUA
STR_PROFILE_RECORD_TAG,New personal record,Kỷ lục mới cá nhân
STR_PROFILE_CHAIN_TAG,Daily streak kept,Chuỗi ngày duy trì thành công
STR_PROFILE_SCORE_FORMAT,+{0} PTS,+{0} PTS
STR_PROFILE_SCORE_LOSE,{0} PTS,{0} PTS
STR_PROFILE_STARS_VALUE,{0}/{1} STARS,{0}/{1} SAO
STR_PROFILE_SHARE_DONE,Profile copied!,Đã sao chép hồ sơ!
STR_EDIT_PROFILE_TITLE,PROFILE LOOK,DIỆN MẠO HỒ SƠ
STR_EDIT_PREVIEW_TAG,PREVIEW,XEM TRƯỚC
STR_EDIT_NAME_LABEL,DISPLAY NAME (TAP TO EDIT),TÊN HIỂN THỊ (BẤM ĐỂ SỬA)
STR_EDIT_NAME_HINT,Max 16 characters • Letters & numbers,Tối đa 16 ký tự • Hỗ trợ Tiếng Việt & Số
STR_EDIT_FRAME_HINT,Your frame shows around the Avatar everywhere,Khung viền sẽ hiển thị quanh Avatar trên toàn game
STR_EDIT_TAB_AVATAR,AVATAR,ĐỔI AVATAR
STR_EDIT_TAB_FRAME,FRAME,ĐỔI VIỀN KHUNG
STR_EDIT_OWNED,OWNED,SỞ HỮU
STR_EDIT_EQUIPPED,IN USE,ĐANG DÙNG
STR_EDIT_PRICE_FORMAT,{0} COINS,{0} XU
STR_EDIT_SAVE,SAVE CHANGES,LƯU THAY ĐỔI
STR_EDIT_CANCEL,CANCEL,HỦY BỎ
STR_EDIT_STAMP_PROFILE,INK PROFILE,INK PROFILE
STR_EDIT_NOT_ENOUGH_COINS,Not enough coins!,Không đủ Xu mực!
STR_AVATAR_BABY_CHILD_KID,Baby,Em Bé
STR_AVATAR_BOY_KID,Boy,Cậu Bé
STR_AVATAR_CHILD_GIRL,Girl,Bé Gái
STR_AVATAR_ACTOR_CHAPLIN_COMEDY,Comedy Chaplin,Chaplin Tấu Hài
STR_AVATAR_ADDICTED_DRAW_LOVE,Passionate Drawer,Mọt Vẽ
STR_AVATAR_AFRO_AVATAR_MALE_2,Afro Male,Nam Afro
STR_AVATAR_AFRO_BOY_CHILD,Afro Boy,Bé Afro
STR_AVATAR_ALIEN_AVATAR_SPACE,Space Alien,Người Ngoài Hành Tinh
STR_AVATAR_ANIMAL_AVATAR_BEAR,Baby Bear,Gấu Con
STR_AVATAR_ANIMAL_AVATAR_MUTTON,Little Mutton,Cừu Non
STR_AVATAR_APPLE_AVATAR_ILLNESS,Sick Apple,Táo Ốm
STR_AVATAR_BEARD_HIPSTER_MALE,Hipster Beard,Râu Hipster
STR_AVATAR_BUG_INSECT,Mr. Bug,Bọ Côn Trùng
STR_AVATAR_CACTI_CACTUS,Cactus,Xương Rồng
STR_AVATAR_CHRISTMAS_CLOUS_SANTA,Santa Claus,Ông Già Noel
STR_AVATAR_CLOUD_CRYING,Crying Cloud,Mây Khóc
STR_AVATAR_COFFEE_CUP,Coffee Cup,Cốc Cà Phê
STR_AVATAR_DEAD_MONSTER,Dead Monster,Quái Vật Xác Sống
STR_AVATAR_ELDERLY_GRANDMA,Grandma,Bà Ngoại
STR_AVATAR_FEMALE_GIRL,Young Woman,Thiếu Nữ
STR_AVATAR_FEMALE_PORTRAIT_2,Woman Portrait 2,Chân Dung Nữ 2
STR_AVATAR_FEMALE_PORTRAIT,Woman Portrait,Chân Dung Nữ
STR_AVATAR_INDIAN_MALE_MAN,Indian Man,Nam Ấn Độ
STR_AVATAR_INDIAN_MAN_SIKH,Sikh Man,Anh Chàng Sikh
STR_AVATAR_LAZYBONES_SLOTH,Lazy Sloth,Lười Biếng
STR_AVATAR_MALE_MAN_OLD,Old Man,Ông Lão
STR_AVATAR_MALE_MAN,Man,Nam Giới
STR_AVATAR_MAN_PERSON,Guy,Chàng Trai
STR_AVATAR_NUN_SISTER,Nun,Sơ Tu
STR_AVATAR_PERSON_PILOT,Pilot,Phi Công
STR_AVATAR_ARTIST_AVATAR_MARILYN,Artist Marilyn,Nghệ Sĩ Marilyn
STR_AVATAR_BUILDER_HELMET_WORKER,Builder,Thợ Xây
STR_AVATAR_EINSTEIN_PROFESSOR,Professor Einstein,Giáo Sư Einstein
STR_AVATAR_FIGHTER_LUCHADOR_MAN,Luchador,Đô Vật Luchador
STR_FRAME_DEFAULT,Basic Frame,Khung Cơ Bản
STR_FRAME_BRONZE,Bronze Relic,Đồng Cổ
STR_FRAME_LAUREL,Laurel Wreath,Nguyệt Quế
STR_FRAME_CYAN,Cyan Ring,Xanh Lơ
STR_FRAME_GREEN,Verdant Ring,Xanh Lá
STR_FRAME_ORANGE,Amber Ring,Cam Hổ Phách
STR_FRAME_PINK,Blossom Ring,Hồng Phấn
STR_FRAME_PURPLE,Amethyst Ring,Tím Mộng
STR_FRAME_RED,Crimson Ring,Đỏ Thắm
STR_FRAME_YELLOW,Sunbeam Ring,Vàng Nắng
STR_FRAME_NOTEBOOK,Doodle Notebook,Sổ Tay Nguệch Ngoạc
STR_FRAME_SKY,Blue Sky,Trời Xanh
STR_FRAME_OCEAN,Deep Ocean,Đại Dương
STR_FRAME_PAW,Paw Prints,Dấu Chân Thú
STR_FRAME_VALENTINE,Sweet Valentine,Valentine Ngọt Ngào
STR_FRAME_CRYSTAL,Crystal Halo,Hào Quang Pha Lê
STR_FRAME_SILVER,Bright Silver,Bạc Sáng
STR_FRAME_GOLD,Pure Gold,Vàng Kim
STR_FRAME_HALLOWEEN,Halloween Night,Đêm Halloween
STR_FRAME_CHRISTMAS,Christmas Carol,Giáng Sinh
STR_FRAME_CHINESE_NEW_YEAR,Lunar New Year,Tết Cổ Truyền
STR_FRAME_DINOSAUR,Dino World,Thế Giới Khủng Long
STR_FRAME_SUN,Radiant Sun,Thái Dương Rực Rỡ
STR_FRAME_PLATINUM,Platinum Crest,Bạch Kim
STR_FRAME_ROYAL,Royal Aura,Hào Quang Đế Vương
STR_FRAME_NIGHT,Moonlit Night,Đêm Trăng
STR_FRAME_SPIKE,Iron Spikes,Vòng Gai Sắt
STR_FRAME_SPACE,Outer Space,Vũ Trụ Bao La
STR_FRAME_LEAF,Leaf Wreath,Vòng Lá Nguyệt Quế
STR_LOCK_DUNGEON,Dungeon Floor {0},Dungeon Tầng {0}
STR_LOCK_STREAK,Daily streak {0} days,Chuỗi Daily {0} ngày
STR_LOCK_POINTS,{0} Badge AP,{0} AP Danh Hiệu
STR_MAIN_PROFILE,PROFILE,HỒ SƠ
STR_MAIN_PROFILE_HINT,Tap to view profile & change look,Chạm để xem hồ sơ & đổi diện mạo
STR_HINT_CHALLENGE,Complete the challenge rule to clear the level — breaking it ends the run!,Hoàn thành luật thử thách để qua màn — vi phạm là thua ngay!
STR_CHALLENGE_NAME_COUNTDOWN,COUNTDOWN,ĐẾM NGƯỢC
STR_CHALLENGE_NAME_MOVE_LIMIT,STEP LIMIT,GIỚI HẠN BƯỚC
STR_CHALLENGE_NAME_STEP_TIMER,EVERY STEP,TỪNG BƯỚC
STR_CHALLENGE_NAME_NO_TOOL,NO TOOLS,KHÔNG DÙNG CÔNG CỤ
STR_CHALLENGE_NAME_NO_OVERLAP,NO OVERLAP,KHÔNG ĐI LẠI ĐƯỜNG
STR_CHALLENGE_NAME_WALK_NUMBER,NUMBER CELLS ONLY,CHỈ ĐI TRÊN Ô SỐ
STR_CHALLENGE_NAME_BACKTRACK,TURN LIMIT,GIỚI HẠN QUAY ĐẦU
STR_CHALLENGE_HEAD_COUNTDOWN,COUNTDOWN,ĐẾM NGƯỢC
STR_CHALLENGE_HEAD_MOVE_LIMIT,STEPS,SỐ BƯỚC
STR_CHALLENGE_HEAD_STEP_TIMER,EACH STEP,MỖI BƯỚC
STR_CHALLENGE_HEAD_NO_TOOL,NO TOOLS,KHÔNG CÔNG CỤ
STR_CHALLENGE_HEAD_NO_OVERLAP,NO OVERLAP,KHÔNG ĐI LẠI
STR_CHALLENGE_HEAD_WALK_NUMBER,NUMBERS ONLY,CHỈ Ô SỐ
STR_CHALLENGE_HEAD_BACKTRACK,TURNS,QUAY ĐẦU
STR_CHALLENGE_SUB_COUNTDOWN,LEFT,CÒN LẠI
STR_CHALLENGE_SUB_BUDGET,STEPS,BƯỚC
STR_CHALLENGE_SUB_STEP_TIMER,SEC,GIÂY
STR_CHALLENGE_SUB_BAN_TOOL,HINT/UNDO = LOSE,GỢI Ý/HOÀN TÁC = THUA
STR_CHALLENGE_SUB_BAN_OVERLAP,OVERLAP = LOSE,ĐI LẠI = THUA
STR_CHALLENGE_SUB_WALK_NUMBER,BLANK = LOSE,Ô TRỐNG = THUA
STR_CHALLENGE_SUB_BACKTRACK,LEFT,LƯỢT
STR_CHALLENGE_FAIL_TITLE,CHALLENGE FAILED!,THỬ THÁCH THẤT BẠI!
STR_CHALLENGE_FAIL_TIMEOUT,Time ran out!,Đã hết thời gian!
STR_CHALLENGE_FAIL_MOVES,Too many steps!,Đã vượt số bước cho phép!
STR_CHALLENGE_FAIL_STEP_TIMEOUT,Too slow on a step!,Một bước đi quá chậm!
STR_CHALLENGE_FAIL_TOOL,You used a tool!,Bạn đã dùng công cụ!
STR_CHALLENGE_FAIL_OVERLAP,You walked over your own path!,Bạn đã đi lại trên đường đã đi!
STR_CHALLENGE_FAIL_WALK_NUMBER,You stepped on a blank cell!,Bạn đã bước vào ô không có số!
STR_CHALLENGE_FAIL_BACKTRACK,Too many turn-backs!,Quay đầu quá số lần cho phép!
STR_CHALLENGE_FAIL_OTHER,Challenge rule broken!,Đã vi phạm luật thử thách!
STR_CHALLENGE_WIN_SUBTITLE,CHALLENGE CLEARED · {0},HOÀN THÀNH THỬ THÁCH · {0}
STR_CHALLENGE_STAMP_TITLE,CHALLENGE,THỬ THÁCH
STR_CHALLENGE_RULE_LINE,Rule: {0},Luật: {0}
STR_CHALLENGE_NAME_WALK_EMPTY,BLANK CELLS ONLY,CHỈ ĐI TRÊN Ô TRỐNG
STR_CHALLENGE_HEAD_WALK_EMPTY,BLANK ONLY,CHỈ Ô TRỐNG
STR_CHALLENGE_SUB_WALK_EMPTY,NUMBER = LOSE,Ô SỐ = THUA
STR_CHALLENGE_FAIL_WALK_EMPTY,You stepped on a numbered cell!,Bạn đã bước vào ô có số!
STR_DAILY_GAME_TITLE,GAME {0} · {1},TRÒ CHƠI {0} · {1}
STR_DAILY_GAME_STD_DESC,"Reach the finish, avoiding hidden walls.","Về đích, tránh tường vô hình."
STR_DAILY_GAME_CHALLENGE_DESC,Follow the rule: {0} — breaking it ends the run!,Theo luật: {0} — vi phạm là thua ngay!
